" ",83c7adfc3d864bea83bd776aca47917f12e65876b64d6c96822cfa6a368c2ea
!,68cc951bdc6b8ff3b8dd7443cc49d1f1b74c9f93cf0449f8c8a211b85e76b15
"""",6ed07c9578387ae8e6cddade49474133e3a9d9d1748b4aa547fbc3a15c
#,715821c3f543bdd62b1156ec21df80f937ee8e9c124f7576731bc146df9c6aa
$,bf1ac7182f91efcc274d6dd387e75d21227f1ad0a06b07253d43ccc9dea29ff
%,92d9b37a8a5e136d35729725f6d103f2fde6c90d3dd5c1dda6a4ee26df3722
&,2b7a4d2833427ea6cd3c75805c33d3239a17df11dd9bcfd44b1522b8b5622921
',21ba3611a82bb8c446a7785a9db58664295c9e865be410d977bf5e1771
(,4199b2ad5bf0828548db423d3e4fbfa477e833ae7d88a52c55d1ae552c3bffae
),8c80c03a58f6b4431b4bbd9cd18798acb36634d8d7e39c311ab96d7924bc
+,a8136fff2e9623810c78486a6ffe2f9aee5148f3b282f2fd207d255f58e0d1
",",d8d5d144d097d21f9721cdbb9a639a0cfd54adfefefa4599f1271274e1a1
-,c9416b60d93d4f19fd8d6a6f877c6b6251d5e4f87e6484d05775b66b78c3e5
.,bce723d94994f6cbc9c4cf863916aafb81a3c61f16c56661814108c9947552a
/,544851ed117276f0a79cb2ef745e2477494269f0de32b656d537726a423eff
0,988828c1d0af2d866084aaf5cf72961408fc54c18e15ed45259569736b199
1,af3034d24a85da31d67932c33e5f1821e219d5dcd9c2ba4f2559df48deea
2,3a28a1353833f40a421cabaa3965b970ad9f62c1d962aca98414d2dec5c338
3,a51c6da46f7585bf2fd5ca44c4abec568c23eaf67c3f681cd2bc1b3eb275a
4,0e934c0e0e56fb6591ca98d7c8a83fe386898cf64be314330bd8278d82a2
5,34343eeb23d18ee37ba6eedd9db061a4705730e34dc8559646f729f95e50a37f
6,32e71b8f7e1bf49d5d892e42361c9d4093cee6413952e6a4db6464ff78aee8
7,d8a3c5b122dff93636bdbcd6669b59cda3fcfae935ce7615a27e5dab17c75561
8,859838237f889f5bcaaf26c756f64e816a1350c3c54aa7a0f728392265908e35
9,fac3a94957532f2807611ac325bcdee4e4d7cb4a22122e420806ce6b0d7c3c1
:,61418562825490eca67bb686d91aa98dd43ba8d71e8bfc7d8107231f3d6e34
;,67eff9a1994b6acf543f4f96ec48861b7692835ef650c82d91afe6fe473eb
=,cb3ad8ac63fb65faa2387442b767b998cbac255a8883203b38a52dcf527ce62
?,c064983c78ef587c5e574b080a8454ffd62cc329c683a68f62af7f92a1f4a
[,da68c79b9f6bb26e70303af5ca3db77ef094dbe59a6841cf3653d1e68cf873a
\,d421839f393d6644c35a77a7cb6ef63423272c34986cc8943ba6dc619b351a0
],fd9c68b8d13c75e92a4a7e068a3f4a93e4bd1a3aef91480bfecf3e79b5d1
_,1842218b4a9fe36147b094e6bf29a0963ac096d3637cb342f57ff357d2122
a,f417618ca1f5031d1ab97ba3253d088f4da7a773bbb56f1dec9b999d71ec
b,25feb8157695a2594a5585b9def5f7827c6e5e8fcb2f23cc3d34d733ca635b
c,36fff52b417819aa1e805995c154b59bce77afb593de868c397312c3b5114b61
d,63523ca4ec25a883936b3c7d902cd0dd0fc94b8fee619a99d715d2e277ddd
e,2fbc41ab6ee4f97c659d4f6e47c494e961255a06a496bd5c6638b339dc0
f,d4fa96a3cf88561116d24e81adb4661f8bb7b42a4061f412bbd0365452669bee
g,5ebab6952a4e63568f6b581eef5c4c8aa6f4bd2dd2e14a4dca324257f33c5f
h,f8189f6d2450a91149ef2dfb9474232c6fced84cfff4e27787f5102197717b
i,f5edfab169748c55984bc8d6872c59658d33aa5ea22792cfe99b3dbab628d9fd
j,a2b18a2b87f577d3b038be168c252c1df19ebde2c45481fe435954ea1dfbd7
k,d4e2899b68c1c12872e4e36897e472a9102fab8858b5630156d5b63be058ac
l,d1c2bbbf8f2b798eddf0c243ff789087c3ea969575f1c31a7972deb7f4f1f572
m,2c79fe55827cba8dcbc19bdf93b5cd5d0416e5a8362e6683084a252334283
n,cef89c21b7bccee362274160bd34a45ce2ab347b6df9b2689660f0e94adedd50
o,6ede6082442383e5e1c28257b6db2613dc37f9749f48ea0b4f94af98ae0ce
p,5b1e42767090828970a9b432762062ff6df4cbc2311de23a1bb4253ecb1692c
q,c6933ecee27d3a7485c5db2e90439bd769412522a9915d234571b9a7b82a
r,c93ed807dbf147c5ef9b8ec46d3fa6e2d7b2dbd3431a23417c1354bb863c4
s,9747418d86a6aa52fb98980b735b8d1d368882bc3f516b5a348d44df53de26
t,fba915e3194b17456deb2ac7c8f8c62dca23e51a4562374b5228035efc1c8ac
u,e184ee71425d6b74c3e6872c3a1177dcbfb0fe799d2c47210b5a44672ce1fba
v,85727a84297c3342de233becfde73526d8d5605fda2529d2e1514938950e6a8
w,9796b24c5fd7f5c58bc261a52a2eaf9674ee52a52468fc79fbe29c84447908c
x,fa4e1bb4eb76b712399592cb202f613b5b96283f22e41f4b959db7134ff72fa6
y,516741a6597b683ccebe211f2f41f54d7f2254f58459adffea7d35c9da21b7
z,10a6df3879b529a3494a5a9587656c8354af0bdcec67cd8cf7335f3d6a7f
{,817db25ad83d41b3d09df7f55a3715c6184e636b861b767fea74cca9747aec
},6e44d6b75348c322b4bb10d7cdcae17999f8fea460d45ea87466fd8868be1bc3
\u00A1,80fae8030de781bb0008fb41d57973f79f9bd72904c4dce8554847820be3bc5d
\u00BF,75cffebd2cf05b424847edd30cc21eb8bba6d3af778bb0f2a2dae49815a5cb3
\u00E4,7958e0c9738fa044b7125353e26ef8b51668ed9bcbfefa2234f4129a53f5cb1
\u00EB,e8b1e692897790e4f4ec68dcbe17f052f3821bbd1c71670472cddc06ef965dc
\u00F1,c3d844564f29011aa2c859aae5770afcc72eb3ed9b339e12a4aa24e91af4e3bc
\u00F6,25d0ad77e8b9c8f6a490369522ae426a3d2f7c643343e7c13aeb5aca47e95d
\u00FC,317197c75ed6a02250f743bbc9b06ef2de79862235ce3370d9e33b117ae1bd
\u0431,c37044e17de1cac9322817a9ecbd4bc0b05199bada4acd6f58248fea4e2b71
\u0433,e72e4de96eb94ca727ecd3e1d1fe653e88e7d9a576bd2e6a5e7789101f63eb
\u0434,cbf721841770c3ae867efe5aee122593ffd3017aeee5c7b182f0241672f11
\u0436,7da71d5e69a798968f15a9918c8e3feff56e58c9e7f38535f9603cfff96fa8c6
\u0437,24655c4bbfc6f18ddb7d4dac1988b91cfa7dd7c6aeb940c7a816d088efabcf
\u0438,6b27e4bf8babe2d9b9f0b27a42ed5edc83a4786d67e719606e89fd75ebd21338
\u0439,33175ba32a738e6035b192f642786be3baa5ab9cbf73c03ab6e94bf5e41250
\u043B,b77c7cd02c135568dfd23439aa04cade7cc566f239aaa2c0c3d9c112fde2
\u043F,fc87629ad0873ed868da3818998c58b48d5a56cf4a6c8ed34966d45a50c55c
\u0443,73a218a2fc27e67477b9b82b7ae6b86ceb6a481a9e7f6343c53be52c5136bab
\u0444,dd91122f6931816b28b33d6d14be85d5282c7afa7acf113521cca2c7bb4b62d
\u0446,dc624883b5953df8aa13635d6d9d91f528972695b61d235fac260158c99f5d6
\u0447,4d8144757cfd09547c6df9f2ed465c5bcecbaa0c24a46a95921b292adc539
\u0448,2f36e8cd2f70dfd788dbd5f24db4e714625c2db13f59e347bcb6723bdd2ae078
\u0449,cb234aab39e5cb586d8b9cf5ff86d9573832c64d56dd3ef7f3246820416d
\u044A,ab98739a4d86109af66f1f9fad642dc888a7c21e42bd4f2fcb3cb1f0bc1ad38b
\u044B,8a84d172c1088d770421be2cefc78b7dbcdbf3cf1af6733845fd9f69cc991
\u044C,8fa6b342dc1140a280f1863fee17bc13794d96a946d36bbdd2c4a315ccddb9
\u044D,c16f4cfa2e8445e5295f81c3565a6d40dba4e48aab614827a5b767ff3e9118
\u044E,52b10735d333be84815b77a1a03b2ba749b5616133fc8e75f794e92aefba71
\u044F,1c4c4b6eff2f1eee38bf80f39467ba5d7e5e798f7fd596fd177a689778b02533
\u2190,1b6140af32cb364d9be3b94e93081d6cfc8c27d3cfe0b4dd45e785225eb
\u2191,7d695d335e6be8cb2a34e05e18ea2d12c3b17b8166ba62d6982a643df71ffac5
\u2192,fca84267cb5a37d699abe7d6a03178de089d7cf2e726f37da3fe997fd7
\u2193,437862cdc159998ed6b6fdccaaa4675867d4484db512a84c367fabf4caf60
\u2196,929dbb081dabf71dd9ea061d4276a1ed48555b7f07acdadd33d27a8e149d9
\u2197,a0ca169d1ca6546a23c8ee5b93f3a4e6983d14dc981e48048829c30d3132539
\u2198,411b3214d3f8ae327cc0fcdca2d2d4a6b2dcf4af9ff23ee21a986c2ffd52d5d
\u2199,e9b718855d54fde26b061e1d35db9e16e2782be6820ae912e53e2cd3a1382fb
\u23E9,7d468bde84dacc11fb5526e534ca6abed69bbc343e87e9ea5f04bc64730ab
\u23EA,b272fa9d5d525bf4bdf533ec1b92b1d2ce24234a1e43ed5cde7d241e7ac0de
\u23F4,1894da69596548c74d964e99b7a4c9217610f1a27c991dfa44daa5da771d825
\u23F5,c7453ac2d7a42a93674fbf62caf331c7143dcbbcc4f2babbc2f65b95174214
\u2640,e1f1d44c772934ea9bd1127ac60cab3e8845929e2a753b369990d8ed8d9cdb03
\u2642,e477ad6cda020281e8ee47c56336315ea8eeddd94c69b9bedf9bce1f56065b69
\u2648,97a4726fef359d26b58d56f7748c8ed194e532051e87cc83751737ef95c2d2e2
\u2649,8753bcf7fe8c55b05850073a94d9ad49043e999c5df1b4091a10cd7bbb5e8db0
\u264A,8f333f6c0b5b00ac8345b71628b208703dde902e111a15c8689372584f59bf30
\u264B,b6dbce83a1117405dedea876243a68bb3f5dc6b231f0e0229aa4e90ab05b74c8
\u264C,5ee00652a8ead389f3d8b4751d4eb9e49f7bb7efb120df76f31d31e3e3acae57
\u264D,7ff69bc1ab9fa153da3adef149c358a17b7adebebff73a329f2e5a410bff2544
\u264E,81d30f8490c7f80fba56e57ac259c01a30d5f030e8bd4a7e0d0b274416d23c66
\u264F,ac47bc011281bc493ebc057f1b9d33106c830cdd775959c2e6c29a1b284d3cdf
\u2650,5803d14b53a8affc924ebbeec21e8f8511c16a776082f11a6b8a6543ae755a33
\u2651,8d82d46975843e3e2290e4ae77c747f16b4e1b3bbb84d60ea1c6468581eeda95
\u2652,dc2541b5a46f859cea5b1bb51ea523f54a57902a7e69266670629cd980a4c117
\u2653,5b3fb862fc74ac5607eb58d828dada38dc2666f1147041829602b160878bcd7
\u2665,59e7eda54938b173946eca72cfa32993d99798c23915d3e68827d51f1ce789
\u266A,21dc20a8b31fa060b49cebc34ebab6d0c8f62977dda3d75c11e46c4e03cf7baa
\u2713,d28872dc9d634d274c4c0e80de61763c22b6cbe49740e87e3657bc36d3ed4bea