" ",5db532b5cced46b4b535ece16eced7bbc5cac55594d61e8b8f8eac4299c9fc
!,2e3f50ba62cbda3ecf5479b62fedebd61d76589771cc19286bf2745cd71e47c6
"""",4757e972c763149476bc556cfbad3614c1d49954f13f8893eb9d105845753f2e
#,9ae85f74f8e2c054b781a29fa9b25934ba63bb79f1de8a95b436d9bfdcaf4cd
$,b7fc4dfa5f652f6e1c1b19fb87655967eb82fb5fa719042f8c805cad7f01e487
%,50851cf062548c436253c337a4112cfc985443a748d931cf201d1e84fc72b12c
&,e1a3dcafc933b9e577c07e74884bf75519818b61426658d059d44ac6352
',5458845f6513f4eecffaf6bb1fdc4148631eeb1bd885257c617ca7a1faafd1
(,727d27b5047e09e80532aaa1669e893dc4cb35f2515acd052bed4d04bc4c088
),659d3a66f6cf7e254168fabfff45449e951f4af64cb4e6f357321793c3d1379
+,3edd20be93520949e6ce789dc4f43efaeb28c717ee6bfcbbe02780142f716
",",7840b4e7a680434857427111bdaf64e7fba912ea5707182e98bc585ccb53
-,bd8a99db2c37ec71d7199cd52639981a7513ce9cca9626a3936f965b131193
.,7456485aa2361434cb3be531bc121659f555a4aaf261d21a06d7afde5aa60b2
/,7f95d7c1bbf3afa285d8d96757bb5572259a3ae854f5389dc53207699d94fd8
0,0ebe7e5215169a699acc6cefa7b73fdb108db87bb6dae2849fbe24714b27
1,71bc2bcfb2bd3759e6b1e86fc7a79585e1127dd357fc202893f9de241bc9e530
2,4cd9eeee883468881d83848a46bf3012485c23f75753b8fbe8487341419847
3,1d4eae13933860a6df5e8e955693b95a8c3b15c36b8b587532ac0996bc37e5
4,d2e78fb22424232dc27b81fbcb47fd24c1acf76098753f2d9c28598287db5
5,6d57e3bc88a65730e31a14e3f41e038a5ecf0891a6c243643b8e5476ae2
6,334b36de7d679b8bbc725499adaef24dc518f5ae23e716981e1dcc6b2720ab
7,6db6eb25d1faabe30cf444dc633b5832475e38096b7e2402a3ec476dd7b9
8,59194973a3f17bda9978ed6273383997222774b454386c8319c04f1f4f74c2b5
9,e67caf7591b38e125a8017d58cfc6433bfaf84cd499d794f41d10bff2e5b840
:,ccbee28e2c79db138f3977ba472dfae6b11a9bb82d5b3d7f25479338fff1fe92
;,971f4d2bffb594c158c6ce1ef9d982b6fd2458275e7f89655bb74ede768ded
=,787689f833436aa711abbd45168856775a2b114656cdf4dc5a6c6f1afae520
?,badc048a7ce78f7dad72a07da27d85c0916881e5522eeed1e3daf217a38c1a
[,2cc6bd13a61fcba4a3859ec06bb8c823739b6beacba8cfa0152e8c60db94
\,c362daa41a1254b2ed6e9fd3a015b4d7a419ba2920de10b478251f49aaca19
],a6507336e35066daa8e4e6e624f93f65e35ee974e9e8b64d2dd9904ecefda2
_,7966f891c1546aecbfcc3baedcfb67079d7f2a6a8b739ed5bac2bb3cf308d38
a,a67d813ae7ffe5be951a4f41f2aa619a5e3894e85ea5d4986f84949c63d7672e
b,50c1b584f13987b466139285b2f3f28df6787123d0b32283d8794e3374e23
c,abe983ec478024ec6fd046fcdfa4842676939551b47350447c77c13af18e6f
d,3193dc0d4c5e80ff9a8a05d2fcfe269539cb3927190bac19da2fce61d71
e,dbb2737ecbf910efe3b267db7d4b327f360abc732c77bd0e4eff1d510cdef
f,b183bab50a3224024886f25251d24b6db93d73c2432559ff49e459b4cd6a
g,1ca3f324beeefb6a0e2c5b3c46abc91ca91c14eba419fa4768ac3023dbb4b2
h,31f3462a473549f1469f897f84a8d4119bc71d4a5d852e85c26b588a5c0c72f
i,46178ad51fd52b19d0a3888710bd92068e933252aac6b13c76e7e6ea5d3226
j,3a79db9923867e69c1dbf17151e6f4ad92ce681bcedd3977eebbc44c206f49
k,9461b38c8e45782ada59d16132a4222c193778e7d70c4542c9536376f37be42
l,319f50b432d868ae358e16f62ec26f35437aeb9492bce1356c9aa6bb19a386
m,49c45a24aaabf49e217c15483204848a73582aba7fae10ee2c57bdb76482f
n,35b8b3d8c77dfb8fbd2495c842eac94fffa6f593bf15a2574d854dff3928
o,d11de1cadb2ade61149e5ded1bd885edf0df6259255b33b587a96f983b2a1
p,a0a7989b5d6e621a121eedae6f476d35193c97c1a7cb8ecd43622a485dc2e912
q,43609f1faf81ed49c5894ac14c94ba52989fda4e1d2a52fd945a55ed719ed4
r,a5ced9931ace23afc351371379bf05c635ad186943bc136474e4e5156c4c37
s,3e41c60572c533e93ca421228929e54d6c856529459249c25c32ba33a1b1517
t,1562e8c1d66b21e459be9a24e5c027a34d269bdce4fbee2f7678d2d3ee4718
u,607fbc339ff241ac3d6619bcb68253dfc3c98782baf3f1f4efdb954f9c26
v,cc9a138638fedb534d79928876baba261c7a64ba79c424dcbafcc9bac7010b8
w,269ad1a88ed2b074e1303a129f94e4b710cf3e5b4d995163567f68719c3d9792
x,5a6787ba32564e7c2f3a0ce64498ecbb23b89845e5a66b5cec7736f729ed37
y,c52fb388e33212a2478b5e15a96f27aca6c62ac719e1e5f87a1cf0de7b15e918
z,90582b9b5d97974b11461d63eced85f438a3eef5dc3279f9c47e1e38ea54ae8d
{,83b13ff8e7a3fab5ff1e98e8fd939cc097b6b45c85240d32450994f7671439d
},6176ef0558815b7f05c153cf4cdc69f9ba4ba1c10ea1a8749aeb8c2b977e
\u00A1,3327009cd471884115203860c1daf6d825c0845f8a528c6ef6bd24eb86b4b38b
\u00BF,cb7980afb86d71c080a2505281d14a8661b0902ddb8301bfb7a81eaf5dddf3ab
\u00E4,15cd6db9ec3c7d9113e6dd49a16f99a326b9f594ce987f919559ac7dbd3b555
\u00EB,d68fbce93ca686e1d96fbd466f74523bce879ccf455e7db23c995f08983d7
\u00F1,a2291248117a3c3a15bcace021a43f36bfd74579cbd0bf8766c2b57c18ce81fe
\u00F6,6edbb44c639b95308ffcdf8c4770dfe8b02d752dec4b3196f4a8f9ac2315393a
\u00FC,7b52b94c6516cbe461fea621d316cee0b875f0fbc239d25273e824b613e73dd4
\u0431,e7e08f58efdff8e8e9d4ace13c58abf319ed1ec89682b7024f2452d5b8f6
\u0433,f107c4854e36719dc7f25ddabaa8839522ca29daf51e672498ef8e441ea6
\u0434,e5fbfb3ec3a28af1be51220ce9259bb6fe5b7d79765f2ee870e7b4c4b1f5
\u0436,55f19f9d5d76b17152fec7d06ed8f59011d647a669536186434cad9fef834
\u0437,ab4d3ab8e05c49bf6ef882d28a31e14f3f0a6c3c388c991146bd4217e7b683b
\u0438,a46a5881a0a3848eddd5387cc9db30ee9f12907af941f2961a3fdb1236f9281
\u0439,6fc9985fc7f0bb44fd7b2ecdf48ca5e8cc5053e16d4d9d44781cdc9208aedd1
\u043B,c04fae8a7ade804b962b3c3b2e53d6f1c8f8ec68652d274e4afe697ac525fe
\u043F,bfd454ecc6cdefebcdfa9b2e21b80196da31441ea7cb9733beddc32d49d6534
\u0443,6f9a4c7334bd45ae94968b7be8c2503476b96d03789b2c8d0542c20cbf68a5b
\u0444,68a9d3b6f3655854dc8aac7963069a673be588bee2273d861b15049eae8fd9d
\u0446,3e58c54ba2f61161ede7d8fad331eac26648256ac44794ce9ef33c29276883b
\u0447,373b4884632e8fa11b996952b141e7ebf961d8221ab57a1b3b61e89bee4e916
\u0448,295ff4d08b7b996d1b248815fb18156a671b2a4101291f12156721e8ea595d
\u0449,be9eb7657f674783b4caf9e68334a8854bedbcb83c643824111c38e548e8cc2
\u044A,fdf2dcfe3f3bc83c042e771b5ab3b0bfdf32a9bb221309392cd493a95d4
\u044B,64266684d086753a543a2b78468364bbdc7ca618e24a56266504d41c424
\u044C,697c1baf3e65ef9338dc27ea31adefe91b43116927fb73402c6f42d4d6e9a
\u044D,143e7ce5d9984f4f63e21e171a595824645f22642e3392adf9768b57e03f0
\u044E,62b017b61a80955b60f3d329fe5c3fe62e6396e5a8fd7347338c7d52a3717
\u044F,c1dd2fedb288b256bccbc6eede3c9548c719f0adee564e649f95eb3b644c70d4
\u2190,bd69e06e5dadfd84e5f3d1c21063f2553b2fa945ee1d4d7152fdc5425bc12a9
\u2191,3040fe836a6c2fbd2c7a9c8ec6be5174fddf1ac20f55e366156fa5f712e10
\u2192,19bf3292e126a105b54eba713aa1b152d541a1d8938829c56364d178ed22bf
\u2193,7437346d8bda78d525d19f540a95e4e79daeda795cbc5a13256236312cf
\u2196,865426a33df58b465f0601dd8b9bec3690b2193d1f9503c2caab78f6c2438
\u2197,90e0a4d48cd829a6d5868909d643fa4affd39e8ae6caaf6ec79609cf7649b1c
\u2198,35cbdb28991a16eb2c793474ef7d0f458a5d13fffc283c4d74d929941bb1989
\u2199,354ce8157e71dcd5b6b1674ac5bd55490702027c675e5cdceac55d2fbbd5a
\u2211,ea11e1295f6e4bdde54a3d60f258308c02b6d05067acb43547cd4966e3dfe24
\u23E9,9c9ec71c1068ec6e03d2c9287f9da9193639f3a635e2fbd5d87c2fabe6499
\u23EA,816ea34a6a6ec5c051e6932f1c471b7012b298d38d179f1b487c413f51959cd4
\u23F4,8652e2b936ca8026bd28651d7c9f2819d2e923697734d18dfdb13550f8fdad5f
\u23F5,2a3b8f681daad8bf436cae8da3fe8131f62a162ab81af639c3e0644aa6abac2f
\u2640,1a220682ab7f20fbce9130660ec98229b3320a239a4782eb153385eda9bfbfd8
\u2642,3a08d0dabc434a093f098baf505b165c14cbe964573ed8e9e61851589179570
\u2648,ca971f4de43c164a936b552bc658b966e6b4eb5eb7963746324d2e29c64a7b8a
\u2649,3b706f91d8f76d5682f0c58b7a47e233e5178fb13b7865165aa13a9636c76f7
\u264A,b6bf637aa199712a639224a1c5f9fa045b21e57b8cc6cd920839da74622e56
\u264B,d763afc8eac63e2d4ff1e6c0504fa4db09aaf6ec11be6d0c26b8a7e98a1a83f
\u264C,1e18b683e42f4ee71cfc1efd1bb8a64d6a5ba3e3747f310f3661086edf5f379
\u264D,d0dd21f453b853dfb9734bc2b097891366cb5ddb7af0b920b8cd934b2db1f5a8
\u264E,e0de746e73dcd0e849a1cafaca1b4bd299407d513bd47630ab51c9662e4485
\u264F,2fe431db4e3fba6e17bcdbd048952b54e9c9ca7423d4ea7463babeb7101f073a
\u2650,49c3886f1e5168843c2d0a96aae29a372f6746f5573188ec54386f086ef8f
\u2651,54ab7f578d9779b8f209f4de3fbee968885b0ddaa5afc59c6b18c3221e147b2f
\u2652,d2cd9a11ad2e4d955479fed92be78dfa5184a252ec1afcdb73d3a323939fc
\u2653,1fe38ea66e926633bacc014a264cd251e1634f1f9c9481ff679c457744118
\u2665,336febeca7c488a6671dc071655dde2a1b65c3ccb20b6e8eaf9bfb08e64b80
\u266A,5f00f57dd69d81cea076dd1cd2d70169ae91cbcb46c0f1c712bf0bde8bf54181
\u2713,930f4537d214d38666e6304e9c851cd6f7e41a0eb7c25049c9d22c8c5f6545df