" ",cce410bf66bdcaaf7d7ba4b783291d95cd0590371b875154872e30bd1b2514bd
!,ae5ac76c149a2660827a2c272189f77973fafcb882d4a7d20778e1ec6f4232f5
"""",4f9e58c7d7a3b8fe939d9cf6dfdac1b2a8ec7e96c43357f9974c4a46907fbb
#,367edecdaf04790d5875e25bbd57deace575c62efdf95b132ef9cbe2cd6c3ad1
$,47b69c9dfb61067c9484df7d03e63f17895c9cda3325c2c534a5c22358557631
%,5523b4a5f66056585b85947200532150e5a59a9f3c5e691331b4b17ff6175f5c
&,e50e54b86cd5a3112d29f8cca6c1ed7aac82c5589ff1d582f12bb71f79b7d6ea
',6e4ee5dc6452aa1b24e82b3b666b84737c968591d7577218f97488da69862e90
(,baed247f1e1e1e2185e62b54e34078780a550a8e93d97e3dd8ec3f2c862895f2
),7e0d7d14bedd29984e038b4d79dcd4c103571218c55bb6152e62397c8a3c190d
+,32332b770a4874698862855da5b3fe47f19ab291df766b6083b5f9a0c3c6847e
",",f9941c1cd78ade5d51ac0e0f5e7d7ca5eaf62e4622dfb16a336aa820771d936d
-,32cbdc9d4c590eac285a4544f2b1e068bd27fd52173ac8d7679013823cbab95a
.,a7330f68059aba9acbd5bf46a2d397ba81d1c872bfe151293b021ba1b6ce42b9
/,fc057e5b2646719bcfc203227c1177ad92594b1ef74c2b88dfa799244a2946b3
0,1f3d1972ce2f2b79b2df07ad5c574f9ccd0eceb204143df966d301b18e92b0b6
1,e0a4c94dd65a7cadc4172cedf3990a8542772bb113cdf1a0f78ef652c6abe6cb
2,a47c55064f1d07625af05cdbc0fc7c84173b10541024c8855ed7132ca7767246
3,d9cb94d8729197a18a76882c24918a8c04494d34727f4df060fb7a45a1ff8537
4,36ad7565fa68942d2ff5f04efda80d9e9f88d33401680f182e0f37af32b8c294
5,d0203b124acefd08c446a0492a5c9d800ee0cd8c260c3c12377731659251ad4e
6,e491017fd5267fc9a641cce0250d4683804e3b1399b2b5b58f130f5774de2821
7,8425acc42caf8b1e95ccb16d379af0b76f95ed29ef2a494073d0b07b15dc22fd
8,b4904d5dee3782d4d6c6febe72783d96148277efbe78c1514cc20088d8ff0d09
9,6adc65c3b896ab66df1ed7ba4250d16bb8352a6d285a54c00218ea72a4bb7149
:,8abb6aec67d910a098beea886fce01b607ed026ebce25f502175afa4c21e40b0
;,1006bb57b58805f57a38400b4dfb3d9cabec9c6e88b2a017b36f6302edae6127
=,c92766fea6c05750e40dc83cd7e93ab34846d440920951da26359836ecf08f4b
?,d60888fdcbbff71c474d4cf860f88858baad1db9e5c19c650ba15bf945ef5f02
[,9ef7da1422efa255b7d5a4ac06f42a18dd8193961df799bc53b305c2003a2023
\,3ca193a9c5517fc7afccf16be1cd7d3af78b3e3763f61227bfc9b6a6fadfd21e
],ceacc92ec2398ec05c8e051621b66e1aef830878ce20befa77316d65b6630269
_,a58026785ee72ab43f6d55872ca41a4e4ecb06d95e3dffeac05d7d631d2e98a2
a,11827e965da3f9d8ada413335e4aa6a0718f38725e74987ae3036cb925d6cc63
b,90c4a13f7e2e698d9c2ccb2be6421e91e32ad8d3e685a789d5404a2ff363c9b6
c,767beb4d48b185b6ec57db062c6f1e3d266be8862295985455e3b8c0e77f8a34
d,9843e3e836ad050827df31892f1fe157f513cfdce047de4c4d8e531cc580872e
e,c7232da7b35784bb076c0942b5724d8d0085940782e31a4e90ede5ca127b56ea
f,489058f62a3d0965eb45e69fb4b4fa269159014efa82c944bb08aa73ff514453
g,43a2b69fcae48256be37706706c6748576e1860b1f5c9634b5c2207d5e1c70e9
h,aed508e256e6f9bb549a135eaa8dbd7a284c78bf0d23f00522211d69ba592961
i,6bf436918250b750989ce1720950e05f96cced063d52d1f5f1152b044940458b
j,3c64ca1215c0c50d00b06a4a4649346d60c15a66c1a60b8ee2e8a8cda8eaf57e
k,30dc57e5f16b3b61d617f0f5afb82ff044f2ccaf097e4da67345f2c783d5cd5a
l,d1a69766c98e78a6a3c065df51b17d5a81c5dec4105f60649f118b4b368de9f
m,c65c692d548693ebfbaf10400d2e8aa9091a90590ce43ed6b47c2c071c8dfe11
n,67e53511da4bbace91831c58a4a01ad9aa3b6f113250c53dda966d5e9405c1a9
o,2b88700029fc4d0ca0d347fa82e436e7a36c9614c8f734534f75861231df3b7b
p,df323ec6d848c24950fc7aa51b6caca05a22fd7068d12504dbb97213f1f20980
q,6796daa6ba2fe80493d66d7892e1832b66273ddf4f11f098e847d52494767232
r,826a2c7db4f098bcc1a4549289a09cc12d3acd416ce733ef9587695377829900
s,cfbe026ca3c9f0fe9467869c0fe25783fedc2b7e0d8857ed39d5ba0dfbc8d427
t,a2921c2645696f216b2eeb4ba6d9e0bd67ab8fe24853cb0e30ed4e94951d6e7
u,cc8713cc52311483f9a9750d6478acc554da11319ea4d162c2cc353039f4b297
v,2bc7f14ea855f7795783c7708ca336704ce3827df8514e512c05208a3003209
w,15da9bb40e7cabfb3e4e80ceeb2b454e36b306e8da74f041372df6e4d582de0d
x,8df9c9a5852b45d7686dfc6368988f0694170c2467e2a82bc40c4cf97c5e674
y,529ff42cdfd3adaac9f8c862f90cdd627d22d0aba106d71b7a44213ee6e43a99
z,548f777107f301c240f8154fd94e72e8b22da1ee48705a61efbfcf9ee207f92d
{,228a026f098e6a8aec631413bd68681593af02795403cab93abc51a5477d7741
},162bd9fd7e07f6e826b679dfb76b38398a2619375a68638304a9e0c86006d64b
\u00A1,df3f6b284e77a5e03234f0485c9559428502c9fd38353413c9a027a2cbf7c8c2
\u00BF,c08116712cbe012486d9e5238568b88f4824c4ecae80578c3c9fb33bd97ac976
\u00E4,f19bb94aec06572c20c5cc3f8e3c889997f912ae380f595df39f68abb3c6bc5
\u00EB,40c2d733aeab9b43f45f25e924a93c3457ee9c611d4de09d360a5b0c10ef0d64
\u00F1,4d804f85318390530df92312fb40400466304a291a9046ad2ec7cf401149c51b
\u00F6,263d221e677bc9945db2fb97506c0ddb8f029e0115769b48c7131f9258223fe0
\u00FC,b39de43435ab50447e87bc3a488b13f7b5d08adfc9e6913b7844420dd5b752af
\u0431,d20b1412d30e98708606debf0da057eecb7ee228e1de926f7a2ed356df84af39
\u0433,e92b7a4739aad69feed1cb6ec3fa43a8a3d005464e4113c825f57ea41e0c69e8
\u0434,65f7e96afef18589df7387a2919bc6e0a8fbf535c3128e3201647d13686cbca4
\u0436,27a2dedc5d9a0eadac47cf28d2e4a3b88f19779f0ceaa9295e18ec317c9338e8
\u0437,165eb195d09b7acb26e8f9042be4b6cfe41e1791c1c7227d7f931382082a25fa
\u0438,f101fc9d21824965cdf7ca08c39bc5e7a6536a437276f6395010b41e3967bfaf
\u0439,98a61098636268faa67e257cb9c5dc9707843035a32600992329a850c2f3d98c
\u043B,2096bdd8013003a3e15e04d27b401f62697584a93bf4f9bd4e100b8d0a0fa93
\u043F,77c07172fe664e291fe557f5a1c34ecf70ee3907b71331d72e63e8c59474cb09
\u0443,b16de0a51e7b4c1dce45f70eb6d6a78a78fc1379faa4cccc750da4a2353738a
\u0444,f43230da9b8b9f1096941269d4d3fbba332a621e32f07b54154810c7cda83a87
\u0446,a54f6c692616c71f364bce3afe253ab494e46fb2f72edcdf2c3bf2c0b3731657
\u0447,c312302af8c5f306a14b6388006eb70ff11c026e7f42f13356e46ce17cb1005e
\u0448,5840bbdcd02a6de9bbd03784810a3cabb77f72e942f8cb569de65452acd34026
\u0449,2dd3a2e26585bde4580a045ae492188624548a9e8f4ef047439c335540a48fc2
\u044A,c9ad47599df8fae60ab12a7cf6fd43705819019af22d11b9c28dfab25de61960
\u044B,5fa272a8bddd551504a2bc209ffdfdacafec2bb07ce9081af67c592130375bcf
\u044C,6c28fb01e68da246e23b2152689bd5f9b5f96ab145883dd5bf73f38bc8032bb3
\u044D,645212a6ea777f6dd650769e2e615b6d367ef4a64baf69b0a102b3f9fc1e6dd1
\u044E,b6aaa899df8993ac8a6736314f5b0e72b5729679359c2e1fc404fb8e19f6cd39
\u044F,f7e15ca301977c85119643ea2c1e6db28b8dd23fb86817263759db0461339916
\u2190,9293a6070503172071f35f58c82204e818cd065186901ca19f7dadbdac165e44
\u2191,190ade10ccf4ad4a2ae6f6402e6ae07ca12262b6b1e3cd6e67155945310da176
\u2192,1da44c767cca25861d3a52fe17c26428e660ee23dc0d793bf7bd86ea202f703d
\u2193,5eca0f55af545c4ba646c0cd9efc340900bd9dd5bbf4f52301d6d368e049123
\u2196,7fc980410126a72eb4f084187fc68709508c23ec2bf40cb4ac35611e14b48aa7
\u2197,fae53b7d47cec12d55666c8adc02b0978c48ef5326ab06944b017d6106fae4d1
\u2198,3f2923a53142ecba6d67da9869b506a6613420b85fd016b132d8471c2f5e58ad
\u2199,da5401e05566783eb59e197ae3776db8386a9d0b1905294efa71b58cbf518210
\u23E9,d3905bffc67cd4041685fbd3558a919c82675fd3f9110628f9c5331c9bbd8794
\u23EA,59316a69c6dd655f5b89f2a8331525fe0dc92fd13d432623a8bf851ce820b034
\u23F4,8b4b8f323a14776dd851f17003753ec4e805b9b3da31e254b4d22ccfa5eff16a
\u23F5,4feb391c76120a275dc668aef9bd54fae015c16762cfed6e35308cacd2532694
\u2640,cc7c877d4c3fd1c9ee29aaf6695c14ceb7377852f70d90e7af3835d53e97349c
\u2642,61857c2b67d6a732740dcebb92a4f4c6f1d8a53f73c1d3292cf96276f4806da
\u2648,89e627d1278b2600f8fa5efe88173192782818556ca93433f4b5ef47570ac18e
\u2649,d13f2690540098174e31a5857bc6aa69eb20e2c89540d2a1d7c49ea3ad1514e1
\u264A,2a4cc5321f5e17d4a39e015c56a95eab5ab478e0a04eec8a5681ff6807a6321c
\u264B,3778d66b562d25d2a39f259091c14ac9698a1535d99c549c1fdeeafb4b33d113
\u264C,c8875808ffdcfa87e58ba0cd6c0f1d18cc367a65dd46b2975b4422b9dde7e209
\u264D,480a305414f1b3137c92c4162a50efa147cec0a8a1ba88919c9b70ffe5173c6a
\u264E,3811af1c87674a04361d27709b38c55c90bc8ddb1cfd849d02c15dc6c4b33778
\u264F,a88e1a1e843278d297a9e8cf99d7581cb336298b7f6fe1702793c0bad915330b
\u2650,d13bc25e432b0f5d631ff500d657a46c0c27fe9539bafa3155dd2c2cfbfdb097
\u2651,28cda54df2e217f325fc980350ab261154b3da5b022769e2cd38f5c959480452
\u2652,208d163f963b7298b12b7fd3c8f9ef6eeec1d8298161aa71da822e9c2d629b5c
\u2653,92ba17e760b4eaf6ce77f7c579c1fbbc942c7e43e88448626fa64535c4bd8bc9
\u2665,f192817ba7fabbbb3b7db63771d8f854fa641e1df713cdd4c0a9942503f9f2a0
\u266A,45117968e8a9b1736ab19391c71e84e12533d597d65a07d8c14e81727fbd9f0f
\u2713,7481cedc15cc170f2e30d4157f4476cd5c1fcb46722d2fd32514e53936a61e41