" ",60161c8694cc8ecfe639d710e77239352d86ee2b6c40cd4daec21f798dcea7ca
!,27b0c69f185733bded26ff57f983ee38fa1fcf3e628be15d0af8c4dae626626
"""",584fddd06d97be7c624fdcf5c2fdec02bef33c266bdca7a3e4e6af4e4bddfd7
#,e457197dce6eb41a49f2ca956ce8be46ccf5725332b007abd986bb2fbd3b2
$,ca9a759e6dbb876fe4b778611686c524516c17bad47cd87e1067ddaaf6b6fef1
%,beb27e59c83414ea61d64254e85387592b91bac5f3425c348cad7b6d32bd18
&,c8bcee842c9bf43ba68ac02e979119e02aaab6b581ead19efb58233a69247f6
',3fbee52e1a1235cf7ad7be85b1fe5532afc8ccf6d8ccbe2ee05dc6711c5aed
(,2973e2623d5014a8258ac94feb39d9ed96a629ace4c3f3e3a4662e586ebf38f6
),1ec7e1c935671282d35dca9d8d62bc9d96519b43af26b5efa818ff9df840
+,55d58de8eb283eed0e4122f1c5113d0c3a229eec5b6d7c1481dd23520bc45db
",",f637b74ff2ad483795545cbd49be01d6011cb4832764ffb96a5247b6141d9
-,7b75ea4d37fca4bfa8f6a3ce56d1473607073a456d33b1227435b99ad71d147
.,76f67c223b44ebe3ec08de32c9c42a151931b502bde9bdc24323d3329d29a
/,7f268d2141f9a82cf24daf85f91ec8a2cdfdb2a9bec9542c91688d3025cd17
0,529ff1ce4b304942e15195611d3a8af16c413c6b8ee8aecb8d8cc79a644eb
1,ccd6469410f5f1629dc0de284fcebfff53c644f0cb5a4e2bba95a7f16f5d
2,6f91148767c38b5675d4b3687ab8fbf8a7ac80b5487bed881383d114f54df70
3,4c42adb132d81c7bcc333698d2f7c7033fd8f38157b84a5a9e7307dfef911
4,e912f259828f3d401398eb1c54a03ec209364e21b38518883bb54b67e75e1
5,92731fb338a144822dd5373e6ad2455c99fafa21a9892ac8dd85396b872b8951
6,9180db8effc073c679c5d4cfaced483fe5eb4d71edacd64611cdf735f12947
7,0872de5e52a2e2b35fe92c93a5df6af6d3a96d77b1ed67d4d35d87539b456
8,1bed8c503e6a74219cf63ba8124957494edc5fda1d4c13e310919d7cef875e
9,47d0b6e6dfaf6be27a37af1483e9de60ffff5e48f5fc7c25bd4884633aa3d
:,c791503c8fe4bbd6559fbc68f8e728acce4699b01b7d6b449559c5c3d33f493
;,bcfb89bb7d1a75f25b9d903162df83f6f35a9d2ccb46eb1c5b1c3a6fc189c91
=,8e1e4f0e3b513d886baceafc42f1b6605a8a9d510a2cdb49af6f6f2f2a2c
?,6640e1d11f92246726d68564f8cfe0699c2cd44cfd91c168712ba6356d8379
[,31f35b715790273fc960319a8ca64fb988cd8148ad3db1d87ae258b7ec5852b
\,2888594cfdfc2211ed945389db9bb1d7d67b8df98c9f55e498de32fd3d
],1758d15dd16cc937adfc876365afa6ef854e64e085893aa7332b53d4e9ad93
_,93cff83db679acde5467c12ed55c58f932c0e0de905285bfab9802d46510
a,ced0edb0a641d229c817b33fa661712bb26ca526a23fd32bdabfcc9909ee4b1
b,372c21bf23c27fc94d7888f0a557a3a265f0d954a991acff9908ffd568f3a64
c,af8e6151a540394a7327c95d2a266bddc7564cfe2f8ee60f344c9581042dd27
d,3173cbace887a31279f47b2c4b52367f4b2e6dc9872aa6733b3b24272f56c
e,76f081857a7c76dd1c35286468a63ca814a59335c7d923559ea7d7e9c01f1581
f,93aeede074ef9c2e4fd0edd075ab6ced5b612c89f73d37b0b6cfb27fc31ad
g,d3a8f7d5402e5becfa0b87acba15eb3d4bc8c125d9cd3a2aa89ac0bfaca7
h,3dcb76945ea4321fbd5863e5d75a55619dfd6d6945ab798470b1899054e0e18f
i,35bca5fc925b914ad9c8cc1b176766b13a7ff2dd7cded8dc5e6a9c65186
j,56dfa0f75b3411349d5db4cab7fc3d2c314f5f74d47367855308e618d4e42e
k,974cf651cf896c61b279ad99b022fd4c78da9e3b2e94b62a6c196a1882b491
l,5f1a8f576530a46fb8ca4bf69913467d80ffd4b29f1a41ae431411c528b07b95
m,e365da9049fb9d26a7b0eca090578b4b5775f16477b39b49198271d5baea9f84
n,78c471a7433a1108973832915d8e738e6552208e538a334f79517ada83df7
o,5fe493d55d712528d9db743042e899b0c830498e93425ed9f679fe81de37e0
p,41a6e75316b54efbf3ec46eeaa5b26b924eaef2b35231682a3e9cae4e93c2142
q,51b04d35a2813055db195cbf30936e47a2f76b3719ef4f530b9912e6e9bdcd5
r,856d692c61a025e9453aa16b13e49e42f4cbe14d1607d1a9b4f5537748be72
s,c76ab3fc4b167f3c9857957cfacf344943fa0a87b8830dc54165d86dfc7
t,513ab64d052f246b3fd67e78e5956f716da241d912878ebec4111e35174fbd
u,2baff3eb2002646cd8eab6f2ca52862722add642beef9ec8184cbed74f142c
v,564278c58d753c18837c98b9d377dc4e428b344a6c89d375af080137c65b437
w,44aeee9e63ff4aea6768c35c9e1967b79428d3f64478282dc54697b3319df
x,512ba5e0e3c9b54b5c29d7cc63c899086c27126d73623ed73be9492238dc7
y,a277a19c9cdc58cb9799304257dbd4c828964f5b70f854244f7516824bab02c
z,7ad4da216cc7ff358223d111a33c19c3f369b9b4682cd2b9d759c31ffe4549
{,ddafc3e151b26be98e76c625c7f53d505673e8380c1affa4e9401a41786c75
},d82ad6b434e63e41a64b277243e41b29fcbba29f2ad16f86fb04cd47c4db023
\u00A1,47c833ef9d7ca8446630e065d517525b3dca7659b9339c04096e4a6c8dc34210
\u00BF,18de706c7f713529670abeed32cac592eef33c20d63ddc9f81a3ee19aeb97877
\u00E4,5ab27a5817431dd22383e7423b12b3ea3253bc94ff626e15fe88df4719eb4
\u00EB,ec93c46e524474cd80fa4c1585fe18423ce21dd46c7084fc9f480de28a7c3
\u00F1,550e28ed8c9ab81e42280040673a814c601915c99759f5e1adffe8bac6ea3999
\u00F6,523313f08721c97ecfa48a6d10b3ad86b4996fbde860c16db9e8d7a04aafb0c8
\u00FC,c231c432116ed4fb8c7226897c81e19a903b48c84b77d7da793f318566ce649
\u0431,1a341ffbc65e28d22abd16a8b6786f47c14fd5cd18f465e267236067cc0
\u0433,aeb2f3a323e9226654371a241e55b6f1d33bf5ed4a268f61f2dda73d3a4596
\u0434,bf5ab6be754bff44da39d866fac57d901b6461885c49afa1cce05a3a936d68
\u0436,8720cda495b6d4ea183e6328d61b6c5b522f56d4b7a04e20a161167f467e69
\u0437,ac9acfdc191f641f1fbfc2f234098b5ea2a8adacf2695d2e16904d1a525f4
\u0438,16f1661622c1458fd283cafaf42cbd1842ce74af2b431e44c54386369069
\u0439,736a224acc7f112a9b206682a35fe09b789078cb2461323841ed232d4bb4fac
\u043B,61415db3e2168276993feeba02dcb11ffa61519b22128be3126b14ebafd0
\u043F,7fe54b77c879b5b6033ba7c55a9c08eab75e1ab571179cff61b3c245dd563b
\u0443,74158289dad5b91a72b9a0a894ab8124a306039469d53eb9ab6d4b79197bd23
\u0444,92ca649950678fba0595a2bb145a857d2a7e867cabf9cfe3bc4c0e710907c
\u0446,39ec2d2576743266523c6a9491e659f718a76ad2319cafb02b3c904f4424a
\u0447,1d7db379636dab7e3c83bec55ba0ce8d6eee2958db73ea14f31c7aae6a628c5f
\u0448,a21dc72975d45befa398673a07b90b97f31d06dfdeac09e643cc53f775e9af2
\u0449,7bbe35d8f0f5367b5e4ee48f7aa8736ff16ae5d280525b8f868d3cbd81945f
\u044A,9d3ce0118171fc1cb18bf2495052c94a1324c7a425ad805efb6d42735c2e7158
\u044B,df4289c0b1dd3b40ca40e2c52d15535964e1689b779a5e4c447a916c262bd16
\u044C,a88215f6e2812b66469d76a284abefa06b9646ae86f69195edb691997b2554b1
\u044D,e02cadad9f96525b7be75455d9f99e94683a8a5ede65db9c4be0697f61fababe
\u044E,3af0247439754de71cdf77cb4e3bebd714b8471ccb355f14ca8251ca97c66
\u044F,397e206238477b195874871f17b3df5b1613562ef4aaeecea312794a4e72ef9
\u2190,d2855a8ffa17e7cbca13dabad8ccf90e4de9748a2d2c31146468ef86608feb
\u2191,9c26876a4548844e28a6f7ba1f377c80e59495f7d32214bcc492804b16619339
\u2192,3cb38fdf5ed04a49f21495f4d94835c8e6290abacd65c966c1c6cbefa66d84b
\u2193,7e8914dfca8c20943175c053331ae373a48af45ed5bd157c89495cae46ec98
\u2196,9d79886974b1abc5c725975f8ec7e919b28ad241dd6f94f7675d68a7d8a5cbf2
\u2197,67d196f5fbc31afee3372da4f9669dc9536ee3eb60c9161b11632a268bfdf467
\u2198,6536b0eb75315b5a7e08ca1324d74363489abfe27e051d397965523de4ee8f
\u2199,bfa72f9b65b032c8c21ce2d6f8ee8e1aac7667f9d576a239fdbb47721f1390fa
\u23E9,d9d334bf33f2e5677fb174d472bb761d878d1a6579ec1e7b27d9dd545c973c
\u23EA,106536cb6de0d08c2d7012854efa28162251ee6e9f81fe6ccc29983c845d6b5
\u23F4,dc1ca9dc5c7c941a677b40832757a909871a295e24c92c0c1e632c21d4f905c
\u23F5,93f5346d409ce3e06ba28d5b2c0161a213c8759b94b63b456e821c338095f3
\u2640,782fbc3ba8138059123594515dd2aec0b9fddbdedceda148925736d1de109000
\u2642,b38ec72cfafa5b5a793c8f2cf3dadcfa4fd26b38300138a8bb974c72d84894b0
\u2648,6878d95d504ee1b512846153befe1940653e8f99ae7d1684dadea6737607ebd
\u2649,67f184ce1c9956c15856c37028f5316f86d7ac467823b4cff9defdc75a9c34ce
\u264A,1f3314dd6be99dc1e01a7974e6ca9368082b813a3c9bbb2f1ee859127ede2971
\u264B,a6b711234bf1a2f9d4de5aed42dbda35d7f6418e1c26dcdd9248c20bf39c7071
\u264C,d870fb19419c81e47e5b89d749f871f55204cb09a6f81a824494e3a1e1ebc22a
\u264D,fa277e55273c4df440610c9e93655a6fce62fcda46107a010434b160d7f164e3
\u264E,bf6e96418ada5c89e93aea35b7824f014933033d99ea6ffce9f6b04809ec297b
\u264F,16acf45bf4683ec590254e91fe2ca150919141856376ccf163fd611eea8b9b8f
\u2650,888b3bb6f5442e65133f029ac9f013b701e4dda091ac18983089e48453e256bd
\u2651,8c530e855f0848830d8ec3eab16e57e50a41f367b6a25a6eb4fe2c9463a1b904
\u2652,b0a805fb83fff2ab48da019e7315b10fe5418cc48e70935ad08fc3e856786d0a
\u2653,bb23b3f57e314dc14232451e295eba5222996c3d046d32a9250d2c8908904837
\u2665,e547d18ef6a2c2eba281a94eebb8e979c47938d9d5477b973a52a1de8734e2
\u266A,f05512674b1c07e880ea7c4a274b2ed7a1d4f5189fb1b8171d0855371a2ce722f05512674b1c07e880ea7c4a274b2ed7a1d4f5189fb1b8171d0855371a2ce722
\u2713,c39cbcb24ca3a9375ca38f4839e22d6174edce649b14e74bbbef6e253226bd96