" ",6036bf97926c02a6da524bf487db5b9742d5bc5884aa2faf94e576fc869
!,d6e9f272dcb25b71f1ecf4b94ff7c3681bc5a7b5ac3434d689c9d1e36ae2e
"""",82c15d581197a1ec53dd57f32a2b7defdf6dd86efc61ab26e8d6c9a5c3d63a
#,27955f778bbf90374bb5ee16143a88f25ff8c22c9abe02d9975a097cff3b654
$,6e053b8fee613ca242c0cb2c030253945b154122ab051af5d2036826977c0ade
%,fe4912259b847dbee73696ee1a5644df9281f6cf3a674d870e20dac7b86435
&,7baedd41c4c124a6b6d73a8f5bcf88d6a3ce31e368cbb8eedb29a683645cd
',a2188bad3f277b353bde9f581b246377a469745cd9e5a44bc3933b0c0e610
(,73fe0376d7b6bfb60d1b621e5eb2667beb59aa9c2067428532d7e629652b7c
),a3164a1797d7aa097bd3261761bdf9ded50e024b3104e5bfe06a7c33d4d9f6
+,5a51a58967f3b7af026c9c289dfdca4c436268575166954a694921541ec0fc
",",7ddf408620ae4b8d88d2b84956d7e219152741aba6cd828e184adbe8d55f7f7
-,e6a8464990cd7666811d6f292fe869692a184e0c7446fa587ed1c9b1fea724
.,c85535fea2ff52422af69cdae7bff84439308eb11bdc8b6c958ad52c4c9b1894
/,1889017cb82e772edb84c177174d3c49169ca9c267a42d5fc87f8df6115c
0,ccfbf53883aaadf4708de7fa917edc32e8ac6f89539c16d9ba13aabe535557c
1,e6a20b939b28b2c32d7998582f41703c9ed837d0c90b7633145bec9dfa066
2,daca8d3bda1325ba2ddcaa9aa15af73991b92918660b6946207bb0b4c0bdd6
3,90774a3efbcaad9ce39a7e1422addeaf44efa788dbdfdcaf125496552e44880
4,6b439d55b7e4ff8060af13bbd6448eda1d9c72854949d2c6517eb2088bb1
5,92872945e4c2435cf794e5968baa592d17cbd663dcc96e3f6ccd321dfbe4c44d
6,3bb82ee5a57cc27028ffcd55af46b0f38b779f533a3c4de9fe26519330941b
7,a7c4afd1661d504d615f93c3e4377f69ec5b7a98b557a6388be113dd7c6c6322
8,b2ff3a9ef9bcc12514a23cab3f53955f37c53c8d214acc8ba1bc2a80e2b7ae2
9,2f7aec9cd9cb27fbeaa15e8dfe9b7d7c898507af67f3ded293a768470c2c7
:,47c1b124a821eb64f4b4f77a4ae88ab133bed54d4cff7a27e4cd544030752f
;,38b9ec46878f68f569c2ddf3104eced799e24d8ba5211b74e8a38dc8da771d
=,fdd3d5d146c6153acc8bf1328a57e14481562990b3ea4eea368707ad8c97342
?,e8c78f8ac9f40c53c463b963e84ab5c1eb883a46e3877caa80aa21744f1e52
[,bcf117486eb4d5e5f7e18f5a052d0949d278a35666e1e2fd428fd038f5a64
\,8b988bd0731c55ddf2c7c2a581e4059c2e66739777d6c7d3fcf183dbec5d
],9b342ec235c87734bac4f9f344a54ede7b377c28c52983a41dca196746dca5
_,2e2f7b958f6b7b86b0441cc33dc56a511dc1eeef51215cdddc8442ebfacfc2
a,37e8a2db7cc1b326abd99d238c7a544af8442334fbcd22751163959835b3754
b,f5634f2fddb193c3a3f60564229adeaf2da416df046d0ad32d9b2cf4695b8
c,6afdf174aa57cf18a8de5f7a836915f42aa601b55f3122ebed96cce93651a
d,bd1c82bd40c72631bc783f8986ccbb3fffccaa81afdf5365a353d6140bfca
e,6f758574a72c637a9bfc3778c6c8b7e154a01c5026d0e84156772080ed91319c
f,90f6d0fb7fd59cdd346162d44c2a3b5b4ae2ba75445e642a1efe965519194
g,bb3da53dad804012b538c94cd559a4d588613de219a21e5781d6dd1dd8a2
h,b0111c9be4ef68ba46fbaedf7f636a0cd51214dbbd2dfca7176752999852
i,43a256d0513c1ea66afa964d61c68e9819b591362b031919a6fbb18433d242a
j,d87816b3637f816c1933a685f811559cb455d31deeceff97a451c642a9ef7
k,e9dad060205fe442a911fddc4b46bc5c46af32bacb58d17085b9a37477af31
l,7bba3ae253931e05bea50a116c6380dc7f48951bc7624c4d1527e24b8ad55
m,84a4ede2ed21d7ecb9028c67671b3908cb29471bce2a63234cfe3d7939f3d0
n,45113834129a210321dd52c52c4b0731ccfe04a46275b438d4049cbc4685719
o,8f703638ead758aeb930b67b405ad9ec62de8e64a134e116b5939a280a84856
p,b84636e63f2fc934444398083d56253155f13c1fe648a15472394325a5f66
q,34f15b40b6a16f95c442ee65b47ebac17cb6f5e37ec15c7542fef31681fba
r,cec6a3db3bc27481113c589a2b954545c5b7a39d62bb17e512c1b995e69a5
s,26b263efe75271689a1558d4a583762f8f2336e5773e198f21b2d65939f6f
t,785edb9cb426ae7052a05e544e7851b79a85aad99ac62db785b28d8e5b3
u,32491a56baa87e7de510e17bdf76f0b649a28e4cbbdb77a76e411996f0e9f0
v,3960a51ca156a311228d95d492b8981613ae1cc71362ea16187dc7ea4fad
w,70813a18491d4572ca4df09e9654a27e456b9d227e56e3f1a6d245fc5bd57b
x,4ed7b8986a91a7ede63c62cffea725b67e1e24c0c47dd07097bf9ae7215ecf8e
y,571688eb9ba17cca9e65385e726fb5d286887c8444cc381a67d6e91b91f9c
z,1556307bc0bd94b9bcf67d16d869524f2118ebda872d6d1636c4bddbf4e7122
{,55b0d58e7c7a862d5ed3e13c71c1be9a83bfb3d5b9f6eda79d29ed5e7d212cd
},c6f02f4e519f4c643dc6757128d18b4535c4444ef42139580e8c6eedd1ec8ae
\u00A1,4cb86708ad9aced0e3c3f934403255ce1fa406b2a0930755e87bb5152a56fe58
\u00BF,688eed46255bdc12b8fb8763e886b885e53e914006af358ec6363cfbede8e531
\u00E4,f8532261da1b9327738165dbc3d775db2d5cd5952d8dee5c16ed58bf42c5c9
\u00EB,d3fdef0ee5f811a2362d37fd25e1a8e4055ff42a477cdd437a7e51c09c6
\u00F1,69399f8709506209a63630776ead607375661f4962e319f56c6e1f8766cf0f39
\u00F6,9bda43ceed246adb64639b21d16a3876d41faf41aaf249fd2e8018e0fc18b
\u00FC,c72cdd21f350a81b946da932b99ba850f6ecbdffc413cf489814cb1842824d
\u0431,dd3ca93a7521bb664581c9661b4fe8788b7d3e683ca7231f1e4132cb937e4
\u0433,3781de8c41c29fb24a1d3e912374866832886d658ce42adb21d669d8b185
\u0434,7957968d49f4288699bcbf46e96a9b7d22129d4e83b3fadae803598e6e7
\u0436,aec5f80fe8915e2e794ce543caaab778da5212c80b577a88ef8bc3cbc19eb
\u0437,9c645c67af969e5c9ad83f23dd8258e939f96e8c11bfdb3914b35f88cc8a241
\u0438,1fea8340dad4b8e33fff4530db1cc78bdea7a171b8f7676d424389533edaf
\u0439,43dfdde55a4cce9019d56116c05bba4a933e5d22b3c5ede22dbae383140c6ec
\u043B,6c46187035e7bebb957a18bccd7eeab010eafb3d522479d23e96dbb7eab42
\u043F,39f3b629c3dafa703b19f791a784ec1e60f740c98e59d88266971fe5a66ea931
\u0443,093b97218f447bb2d8771ab739cc3b608bc619188ba86f50e65cd625dd5cf
\u0444,d0885293d4f468db1ff813376f9a942fda67e62cf646cfe544d4fe6833c61f
\u0446,5740126b117f5a95fb6b8af4a04a1557fcfc2fef6a279cdd20cf6f9f144c0a3
\u0447,94afcf9ac673d7531dbdc779ede27aeb638bcb18189915c6dc18ffd754c55
\u0448,386bdaedbf84ec144272e4047737f764a9f5e85b745a24fca04e1410d56a
\u0449,d61b66ac115e5cd171bf18bdaa753e572b8541eb52ed3b66a9a2b7f3ee7638f3
\u044A,9652a2e44fd33a2e488f9d38523512e13dffecbd897982df9d873feb6259130
\u044B,d3c7f76db7b3af3ae7e11352fb6fd8a42beb1a3d28fe481f68f93a5346469bb
\u044C,cadc6669ec77d57bd83ec2d125a536e32863d935b07dcdb6c60d34783519d
\u044D,b3d452a45c36888ae9b1ec1444d05ed402a466762b04283cb43cccf66fd6
\u044E,5834ca3a37769e104fd9151346a22ffc848f7966cbd38c5c75be8465e41f9
\u044F,e2a5d651291a83f8a4d48bff5e8f73be69d6d90f155fed1c235aba2fec2b224
\u2190,ae7af5ad912da6d5cfb8ebce3d1e61411bbd25012c583f17d2e718f553671f
\u2191,92b6f1e2ac94841d6b6a9d4d7b5651839626f2b2591592f5e094b120f6c8ca9a
\u2192,d7a6df194fb4cd62773ef71640c36848cc27d9fdf7c451b311f26bf8dca4
\u2193,92376eecab5f617b8c71cfcee4bdfc6cb1b671d7be4921474c9cb9fb134141
\u2196,8daecaa5e4b44f978c88d3d01b1ebe739f8ab63bb99df3833a6e2f31dc165
\u2197,8cca259d3ec8a9e26279a09c981fc57d46a74b27a27f2d8a1c4877867bb7899
\u2198,ae1c3838fc63a9d5c9e2f58ffe889a2665343d33119e9da3480c554ff67ea74
\u2199,0c1511d59f861d8fc561fcba88919b6af6ed8f02088d16497fd93ba4c794e20
\u23E9,4749cae3d87b7641b7c704cd595f33c54aeadf1b9d2a4841b31ed3957793d54
\u23EA,cef5e93262d6bb8783f717cd7fdd4b66cf8bd4b55e14f656ea97f2ff7417d31
\u23F4,29bd81f920e95c53c379d059b2b1bc6aa7fb58ca4518701579bf45e04611
\u23F5,765b787e9d60adc64d54b2423185c272a36fd4bd10eabe88ffa1246aa82080
\u2640,2f4028efa8e763354669d6e8b479bd590ea1de42119234b43dbef361ee94c1b6
\u2642,1c1ff85ab2bcd5d4bc679a023b6d8469f0f8941246e7a4d8670b780c9e2451ab
\u2648,4a88ac464cbe03da742d08be2c6f7ba913aaa6a2a63cf81d7ff4aa2ab9bf4a89
\u2649,a48036a8cf6511db94c0ba420990c4dd7ed0a372535a33b2ce0b4169b2d627b1
\u264A,9709d64ab98aa2e6d685d397516eb6fffab5d5a124a7f4a08ee689e318775eaf
\u264B,4a951aaecfd69e53ca5f26c8f5e4aeea19d54b41cd7217d1bf67b56999600537
\u264C,d8d87cec312121bc3a0e2ce0539acaf9f0d05322a2d7594d62d5153a8e8e0cd0
\u264D,d022dc71804e0e3c7eda030a2586106d1c6468f0c99057b0889caf767ecaa4b1
\u264E,80a7da6ec085c119809947c299d99060a8dcac735dd989576fda4ffcef894e1b
\u264F,3685b6fb4c1ad963752609d7379351031c3070413faaa32485d747a9400b2cbe
\u2650,77121dd2d2a2d58497dfd5ea266c743324b87feb1fea660a67df1a27261ffe7a
\u2651,1417611a053c98a47530a593fc17a7e6fa7d0d55ec43eb1906a19129ec47a549
\u2652,f21ba4b727f64c6302ee0b4b12266bc143e67524c548db2f3b2d4ec7688ae10a
\u2653,6cda859acbc9457ab4f2489817554d36f130ecc793f0a8345384ccd77e6b43fa
\u2665,b6c47b1aff976e7209c6d85d71422e73c2f69a3719f0f2a969a0c4eb31c619
\u266A,2ac8c569f3956ebbd137cabd75709f1bdc7640f4ec00988ebbbf1f1a13e048b7
\u2713,803fa22d9636b44b3bd2889e19f7bfb6502029bf0f83f5aac8407de338d82f19