" ",6e5286c470f66ffa1a18331cbffb9a3c2a4424a8c7259c4436fd2e35582a522
!,18be147df49091736964dab3569b61c9e6a341c9a48f4af84b51a63bb6e85
"""",bd744bbed3df1126525a54a49f1e39d2373043e4ed4ae45fa9d97f5b3ba69
#,c9327a4573977cd378f06d1f832e907f5f66dbe5ea88ff1c3689ad958b7e7
$,34a9e5314842dd21411e95d93e37eb0b04025ee847036cae3cb9ea1a1d6c582a
%,bf2fbfdb132f149f78c479be43ba75d4ded3ebe4cb9ddce9b7b5768810d935
&,861967db1d807bd07eb25fa078815c754069c21bf777c36cbb2bf6899d479f6
',3e18b787ec3e17ce5dfc63b879f26444568b225a993d8a17eac0add1209dce41
(,d84a79b29e390fde361ada79a33f497da7bb7111b7edef5821bfc74496db434
),995923f74c5b6562e8c05402fde99443f485935c9dfa2b3d0a44b505c577731
+,10c97e4b68aaaae8472e341b1d872b93b36d4eb6ea89ecec26a66e6c4e178
",",6bc3ccd76b3ca98d835e99b6d678177b2efc3ced89bf531af6683cb38d78c
-,c674b682b179d1d4fa791f92cdaf1c2f37fad4eadbc7dbdc060e8154d351482
.,1fd52bea8fc6a9114c3c2d8762dbdcaf8b9df8edeb26fc4191e26ae8704493
/,9cd7ab2e73c9f68494e285dcad9288387952b1e23033c4911c44c7b6e3d150a3
0,a3a487b1f81c9ecc6e18857c6566529e7efa23eef59814fe57d64df8e2cf1
1,bf61269735f1e446becff25f9cb3c823679719a15f7f0fbc9a03911a692bdd
2,7d81a32d978f933deb7ea26aa326e4174697595a426eaa9f2ae5f9c2e661290
3,ceadaded81563f1c87769d6c04689dcdb9e8ca01da35281cd8fe251728d2d
4,6c608c2db525d6d77f7de4b961d67e53e9d7bacdaff31d4ca10fbbf92d66
5,1144c5193435199c135bd47d166ef1b4e2d3218383df9d34e3bb20d9f8e593
6,f61f7e38556856eae5566ef1c44a8cc64af8f3a58162b1dd8016a8778c71c
7,6e1cf31c49a24a8f37849fc3c5463ab64cc9bceb6f276a5c44aedd34fdf520
8,61c9c09d52debc465c32542c68be42bda6f6753fe1deba257327ac5a0c3ad
9,2dcf39f4bcd98484b0b479a7992d9270fe3a59b9b1a806d7a64ffb5b551ad
:,a919fe599f98258ddff44c768137e2e9cbaf4b94f5a25233c27f3dd2f5359
;,ea4e864afd4d232c2f86219551c9ba9819afa1aeca0278b1e05d98b1f
=,f63cb8b469fba4462bc95e6f34e48532d5ac03539b90bb3694b05e454fb5d0
?,89a995928090d842d4afdb2296ffe24f2e944272205ceba848ee4046e01f3168
[,bcaf1f9bb182cedbfcef26c9078467b8953e2aeaefc59e677dc8de21e7d5534
\,5f701279b249c727dbb4fa3bf74ad403f25bd3f7d4b1e2d3617eee66e4a3
],677a226be5b6fa9437c9d49667cd8e28eb1b5992b92fc72ce78e5665a7db
_,1bf4abbacaa527bd748059a241d470ceed63149960cd24464f7f524df5fc465e
a,1a74d9212e6491bc370caf025fd459fe632ca7c6ba4df7ebefafd489ab32fd
b,a01783f37c7b5f691c615130ab85e1e1ad25dffceafd7bb178b92173df2aaa
c,89b66dbf01c94aef7dca1abe8536c9e512969fa32f5707542979caf7258adc5
d,1866b462b776374328d8daf2ce9e5abc3ecc64481d54a69cd4c2b25e7630c6af
e,5223afe895d3d4e32f393dd301989a317585d9ebe3f5d76d4380f5a06f95
f,fceb2a4441b73d4e744aeecba9fe6afb18470b99a262bd1ba1bcc6913a2baaf
g,bd62d63cfb4b8731fcd2635dcf69203df393946e1aeca2605ab963e2829dab
h,8f5b871ae47eba146b5b4cf89fc20dc3236952a7ea867898bec1f3b719712a
i,e7a2f8bf7e138d6ba9246f7dc1ff144f43ed512e44892b1e316535ea882f7a5
j,1df8b482ee76979fdb9467c8e666cc6aec5cb44859bb74579f016291ed01175
k,5198fce7eafdaca15bd6e98ca94b4046583a8b2e5411cc8c944588fd7f1a5f97
l,9f78466a7b5aae90884c6e2227d524978136354457382d3647b07d096c2a22e
m,f2f2d827495053557c52e55ccdd571bd33184fc14928441f3a97eab38922812c
n,651a7ee66f60237419917fdc75f5d341cfbb9f7ccaaef3aff2af419d588e701a
o,d97aa8b9f7ed8c38ae41f1bd6d9e10eb57bc87e18cac247e7bd2a4e0e588578a
p,72747139f338a46a45903b7633f270502d64f066515f4d2f9def80cff91150ff
q,e0fcfc742ceb9464efc971a31c5896d971e4772772745756225b0643e4e93
r,d82e6f0f9eaef56f383a4c5a392b194bf1a1b63559ac36255ccef2463c38c
s,bcef333aaba242c6f28f49e96689ab4bf2bc126bbc298555b93da79328419d8
t,e5bf4db51fab4aa279628dfb2a1720e01bf7e9b94bb8c7e702fb63757405d
u,3ade4661e998aeb20136396d94136c27d49902280ab7eecfa887db48a9b6cf
v,9df53a18c59683fd63f6822cd4464d12c862d7818c68b2302857b719f55e4fe9
w,357b1f6eb7cf0fd20499a5be6b82b25cf5cbd8e57daac7351c85c45fb5fe5c
x,bcc5fae3b650e6edb3245fa41e5be2da79b0e17f22c4b4e1e59b32f573202d18
y,367477f9cb5f036438ce98ce697b91358cb97641c5d153a7e3888dae32e215
z,cfa730b5ec73ceaf4aad524e207ff31df785e7ab6db1aeb3f1aa4d245ed2e
{,4f3edebbdda39e10dd852c22a98aafd77ff729fd52dd122c27c3c63925ab
},fe69b854edead62acb813546447af6904d0332328b56414d54bb14ff9edd3cf
\u00A1,7f85372582546c021c89781914074d71d73565623ac38e04bebeda052d50214d
\u00BF,7b50ddb5fc118f69cbe778b38649b56ac4fb3123893270bfa2ffab2f97dac7fd
\u00E4,4933d1fd6cd48776df58841ecc47ce690c487152e294c263c8ec83a9da1e40
\u00EB,659544fb35947037fb8ad8149fb10fd58dc7336ead4c71a5018d68f205d64b5
\u00F1,2d2d27cbf5854fae94f088821bf4043a87bdc6a66b53229a8ac9473811d38d3
\u00F6,bb9b316728683d3ef5fa4e82deb8e41aac2e3fd89ebb55e1e1c18f3591361b
\u00FC,d83ace21e1f3158574c8d289d7a49a5c6be12ecdffb66e32056fd2984c329ab
\u0431,dff5d36177c8695a51f74bffcc2dc3d1c399838367f16e8c7c91e67665d67
\u0433,1dfde4b8b6a270d5ff53617986fe9eb18457deb2b223bca10108cb763fc3fc
\u0434,81de18563b89ebea6d7fd1b1176b7b0c245b0f070ce26e13631a6dc96d08371
\u0436,80f295fe98de4287df365245db9333a8b42294442f123e40e886bb9ac687ba
\u0437,309e4aa9192ad6534dea89e5c9a85df0e6abce1c1557d54077296c8fbdcb5
\u0438,1b71e881c497933edb51329abd465a7ac54c72ee6eefe5ae220d6d53959ae12
\u0439,167041cc9a6ca93213d399ed8da4e4f71ef77205a22aed88a623a9d8d4e8963
\u043B,f980bbd24bb6e1796f87a03fb76e62ce51e76871aa796d2678fc63dc2b
\u043F,f644fe1cc61c26c7c3da9f58f647912c8a6b364cf4bd5d704e7ef7f11d199d
\u0443,a3f56078d8a42b37dbb47491b7ec3e3616f91289f3e77bcbe5c4f25d5aea9da
\u0444,50c622f0bafd22734c3b389af9a6370c2ac5029989b9c682714b4398edcc8d
\u0446,a09d6089db44bf8fa41e3641ed656f5590842a1cbf7b6856b590e0e4985a5a
\u0447,fa3ef2fcd637477737fb7524cd5afe8a6512ebb14fa9d6819356fa6ad225
\u0448,5f11ea4a532a486938b29f65a4716f4e091c2d35dcf486adb52dfc3210
\u0449,3a5ce7a7cc8c34ae8db6cc824daab18c85a1525ee23b7543e412a9e3bd4b
\u044A,e9185e3994b4e94a63dea9594c49efe45fc6ea668cf19d6adf34ad5cf3d06c
\u044B,f9fced6ef9e9b81d988a247f1fc9ab2f6121aca9320419be9f7bc464c17321c
\u044C,ec1394d509c276bbdaab279473bf0faaa9756a7e4d54aaf58292b5f4aeb3615
\u044D,e8d77e70607f97a5d07df87e4aa097112a2cd297606c2cd44fa250e44fe77a9
\u044E,deaed89fb965570e517295c766e84d10b1bd44643de6886d0b63c5a8554
\u044F,545f9e70432f7571f10855d5e866a17f7395351f4c9267eaeb2b5ebc34bdcb
\u2190,86971dd881dbaf4fd6bcaa93614493c612f869641ed59d1c9363a3666a5fa6
\u2191,3f46abad924b22372bc966a6d517d2f1b8b57fdd262b4e04f48352e683fff92
\u2192,f32ca66056b72863e98f7f32bd7d94c7a0d796af691c9ac3a9136331352288f9
\u2193,be9ae7a4be65fcbaee65181389a2f7d47e2e326db59ea3eb789a92c85ea46
\u2196,78cf444bc0e0ddc6a6a9d75951746e0955bd676c4a6771c1a5ed90e7827f
\u2197,676dcb274e2e23149f472781605b7c6f839931a4f1d2edbd1ff5463ab7c41246
\u2198,1a103acc21ee0a1f87b5be8f3ec7bf47745ec992081be9b41548ee3e3682
\u2199,56961ad1f5c76e97358c444fe0e83a39564e6b48109170984a84eca5dccd424
\u23E9,dd993b8c13588919b9f8b42db065d5adfe78af182815b4e6f0f91ba683deac9
\u23EA,f4bfef14e8420a256e457a4a7c88112e179485e523457e4385177bad
\u23F4,74133f6ac3be2e2499a784efadcfffeb9ace025c3646ada67f3414e5ef3394
\u23F5,e02fa3b2dcb11c6639cc9b9146bea54fbc6646d855bdde1dc6435124a11215d
\u2640,93392f17442512f7f369aa535102979dacf588eae5d1cf128009083b7c417ba1
\u2642,a692ec726cb8562c23e0bf2c447a1a995d59ba45f8634b7717ca41415f413945
\u2648,d0c9e73a1c9603b63ec509b32c434af21931262eea9e9a755ab126e2bc06c90c
\u2649,b6a53a9fd6cd37fd1f2a9bdb9e0c9562cf883514415202909ff8124977e22093
\u264A,8bf7d0b365a7b4c625a0480d81acfae40288cc313694bb8a69d601a9721b4240
\u264B,a58e976ecfe4547c32bbabb4bf0108d519d0531e5d360fdc613809f9f46301f9
\u264C,699507b650bf544abf2a364d6dbddb0f4e0c6f80723d87290b0a82b2453021e8
\u264D,e78c1732ae4adf41f0a25a54cda5383a9c659a3303832938f203f713600c605a
\u264E,57bc97b3c053b8e34937ee79175df6f93728c556878c39f2b3adc38a13caf167
\u264F,63d3458d9bfa072a07d1e562efc9a542e414d439a8fec99e69117cce2220a455
\u2650,3c43ed33dba8423e22fa850c59f9988f6a101fef28c630b42230d7f5f82b7f68
\u2651,a53deefb3d57edbf248c2f310f0e68a1687cf300a25b29bfdcf22550ee733a88
\u2652,668fde03fef7e71bd4996ac65e9d1930a62b8fcae1d55e84d51c4a491c2d864d
\u2653,d33f49965f3ad95e4056629c967e7a584b44877a30384a0a5c42436c8d046366
\u2665,fbefc867d847ab95e775e04aa5383b1670d38420a827b162d898b8f7ec148ec
\u266A,e2f841ce3028ff65d4f3a3dfb5eb4e1b0ecaf803b4fcc74d726aeaa2f4d7f5c
\u2713,85a3755a6fe019a173ce3a43070452e767768d57559d04b73e21b903eaa1bd82