" ",829b4370cc816b588462ae9dbe1eeb4a15ddbed3bb8e60495ba178a817f2974
!,f4c5d7a67361bebc49f88c725513c3638ad557a12a865857c2422863132565
"""",9369dd71916275ad3da6f5e855bd831d3ff2e2d63ac99cae29325cc734352
#,3b2c06e388237efa14246423653ef129f6bdb7d8d98daa140d3595bceebe4
%,7957f48b075e5865020b96ab7fcb221fe3f3b69485b38147570b7aa156537d
',30d98534d5a8935aabbc9d59e0c8bad88bd7dd72ae91f75e0dfed9ad6838eb7
(,1dbb2596dcb9a56182b643655a23ce9259c36dfc3f28d2476e1b5bc880a3e0b2
),8795a55e9741e9318dd8ff9a9fd9f287eda5c7ad81c6655f808afa2ee949abb
+,122a2a511cb29defbe785b8c22654f46fc825ba25286c3e88b3d86b15c9c
",",6e8c387d5b7f5d3997f88ec4a5fbceae25d28685ae2e176bbfe39748982ee1a
-,19ae956fb8a2935275306839539897b55d5e337fdc655da7c40823d859a
.,f9c5fd68afa154364ce8eabd659fd4b8303f1a866bfbf32dda5a7fb01e2bbf
/,6b912e159418ec2bb9aab5e3406a32f5b0c8309977e17d91393674b875858e
0,b04fa5ecbcc843807977221a1bb4b523a23cf518090f2a682af52d33e9b064
1,d837a6d222013db4f13bd9049b1d6ef1592508dda7057420b954726375ade1
2,e37b9d1d275e3e1e6f2adbe5a78389d26efed0bc2fdaebc27538a112a4acc77
3,bf7d31383a80838d79a8745a495d1f67d3766a2622cb5f3db4ac3992f7f415
4,b9ba8029b28254b6aef5397333138fa5d0abbf4c7dea9e667daed85873f45
5,d246ac67620d3b5217c49d9c30173a3793d4d41f4f251c9f6232eec75a74
6,16b7eb957bca6678cd0b63d84ea7bf28bf67eb8ab3f8f65beb461e236f429a
7,548782887434121a7cffd543d827282f73728851c4e3137dc3637f82b373a
8,bbf9a2e71692aa85d064baf06227fc1e5931a6827f3a6f7b7e38c279f5e75084
9,36d6161c6f04def6481e03b4c2972798816ddc514aef4b11c2d7a5a8fc9fe
:,b2f788d00a51bd8d1a1b34bda73ed37d1673fe65a2cca538464d3924bc4f70
;,86dbbd41b945754b132325a89942d7d42a2fa339e41239b59c52916492fb6d
=,208cd4597484656f69dd8773d528d5b4fd0d85c354bbf14228d4a6b23e4775
?,19d9ea25428e534853d695039030a0a48b41481f7c9abc0a0c17c908f9792
[,8c792feb28276496895f4d22b2fb76a9b18b67afd7d1c3e25cb542e4f74ee
\,3273a2cbb1dee5c22b64aa551e1bc105b3f819287d3567e697932be4f89d
],6b1ca395c695cc46824d2e211ed3f789d81183d4d21e9f3ad3b14e011709d1b
_,d5e5747bf4ddc56e2ab0c4952c31c97f37be6a654318bd184ed122e6c735d4d
a,bc35e72022e2249c9a13e5ed8a4583717a626026773f5416440d573a938c93
b,5170bbc7943ac877cd93e937f0983c34409c28588c17f5fd68c21fffe088ce6b
c,4e32f4a4c36a21a83589132e599e7cc46af76f5d0d3efc92da3e0cbfe8dc7
d,c772e4d7f699da64349f66511c265a6d3e206f9eca427eab3aed217dc2f0a0d
e,3d6bb8599617a11b4bfc2aa55786ea737ea445837bcea78294e5dca7138a667
f,19592cad924d70a1f4af2738d4922e1abdc487dff68c0727d37ed9b2ab64071
g,a1bfee8010c680a961bc83a25a54a5865b244b6d1cb7dc75b6219a93555296
h,d034433d40351e954128e836f22d9bbf67ac13adfc7d652f63a42a7d788af1d
i,a37ca0d6d56fb3f39e7da1c015dd39f1ddfc45722697e78f8a1a62eb2b1ff
j,b81d2c1a5a59b575359482a8a33854cd3b1634dd54c45c4ca1ca10e8607d47
k,80b13c71666287c5989d85101db7c6550e2e07076db52a7bbbbbddb8493129
l,1bf072e296fdc8da3e04c563a3774d2ddbf3f86d36a2867d53e3ccd1c9d41
m,ad75fed3649f87a48e51169b57dcce6d4a8dc97db418f22d60d96c2a62b3e
n,20a0b83be8c981cc9c87f3f9cae455de3a7b1684b0cc5e507b237e0438614
o,dff363cb9f20b3e4810932c33b715ef97c1cc7df61c838719b5f72201381e8
p,345b2edd9ec69a350a867db0e5b0b87551aff498a88e01e2bd6a036ff4d39
q,98217837a63e74e24bafd6c7c500d3678a6838ed86215a79f16d4962701f3a
r,faca4d695e4e7f47fad58cf371c2c0e213fb3d10232611d73d075374c8980
s,b946af388a41a13425d1f82da9bd12b6f965bc70a9b3f84e45d60d61731cd68
t,12257a935f431bee585afd6c2f7fce46e1d9f5c68a5db80d56739aa2932a26c
u,410f3cced22d69124df895e928155a0788c1f4d5b7b82a3c2ca9a436de4ae
v,453da4cc842103c2051277878f4a52ed4c39a92f4bd644e8573f356f46baca
w,ff94cfc7bf49e47b448ccd5f8d6dfcf4070ee44e73c48d4b424cf1a2d3145
x,7a254fc044efb84cd576a6c8f1144f83acdb14991232060ab486691a09b
y,96e2ef44a9a1bf52ebccbe3183f99ebd1bafbb24f2d555dfe8fbd2a310498745
z,10adf5c297433ff1fe1221521d9ea6219163270726d881943882247293323
{,4985d78defe7759cfa57554662588e11ea2dba2f090f375bb3f798d15
},d1ce1071d9a543f117b8745a36b827c7f21222ae8f19df75b431f4df9bbc31
\u00E4,73d4aa6e887bf9f62ef8bfcac65ba19f0deea496849add9aaa63963e2ac8456
\u00EB,b4c41e5a5da5908dcbc33c481e798c215eeae26ecd62c8e57e135b6f2e8b1d6a
\u00F1,29079f7ba39c42ec142c752e8bb4a5105d1c79181b84e6ecf47a6cb2c4101565
\u00F6,47edae25dd464585b27fc593124a26e4a855846e606245407ae5d1bd2a1a1a
\u00FC,97dd8be7d414bfc37e8396ed79aed0c525dc2eddaaa8d9bb9d492137a5966b4
\u0431,55ebb091d929d0eaa43fcee41d9e0e13970e5b453c6e145b6c556e86b684972
\u0433,b11369269697350ec92547d2544509aed3a7da752e172d942eb652a6328df98
\u0434,39128457c21f42b284eecf68ecff885b2f95bfbc19c121178cd51242c5cd9
\u0436,33269d43dc1a4823b58d3f6b987f8764ca433d0136962e799f4a26337581b7c
\u0437,c428fd2020a390ff99b94b5c45a057b5599e1bfc99ecd994c1c2e847fef6eb4
\u0438,9bc6e79e1d1f76fb93df53e326fe9aa87f5a85c5dc6d2fa4196cbd3111b9cc2f
\u0439,695117cf886b629f1826e27c7658dd4ac8e5b965afc77d5a86daaf62d1f2f2
\u043B,644df8a8da7a1354872bdd8f8a9647e9722a6449fbf47c17b2a5fc36eada54
\u043F,eef373e308519b45cb152e2e883ecd13e96cc4f62b40561a6713c2e2c6e62
\u0443,af8ea8a75674791ec6f037ab50a4b83f4eba33533e944aed57c23ec53d73e5
\u0444,ccefe97acd1626664056aadc75cd235967c8395313ecac3b18630717b174
\u0446,92b3dc36a8223b89665f642d8a45279b91e5ec5dafa5c0245f9a32ae2f6b8
\u0447,35bd35edde8c29ca4a414b71e55c86c4494788988edc7c4dbdc7158867fe
\u0448,2c38e2c5a9220907561ac31f1e486b9a51ef42692a9d5a1ffb34a166d99a
\u0449,9b6ecf5648abf719fd1242fab6e129037cbafce89d9ea39f941acf03fd5228d
\u044A,c9ac6350f846d437db84d1e184426ec7fd86ef5f18e583374f6364d5ea13684
\u044B,77a49f826a7e91d93da080a388c35af5743dcf92ec3a5664144a6a7a122044
\u044C,8c9b6e146f7bf716a376ad91fd6b9ddf524bbb3ee68398f7d57433b7ba761
\u044D,46e6d1f93fe3aed0bcacdda136a4f910f2ac243c5686e8511a1e271c64e621
\u044E,7ecc18e794e848c26a4eb9231ad2854733e15db5bacc8bdafdbcd239bc569db
\u044F,7a50f5f3131bab0fa7c7d4c25fa6d14ad2b584491c52e958394ff3c926319
\u2190,841dd127595a25c2439c5db31ccb4914507ae164921aafec2b979aad1cfe7
\u2191,8f2ed4ef358bf9252ea73a6b0f4e868b27feebcae603ee5e5d0982b6d9e6690
\u2192,d2d0313b6680141286396e71c361e5962a39baf596d7e54771775d5fa3d
\u2193,25ab271f77917745d2b5484b7ca42e52316e17de4f011b04a4f8a865ec56de7
\u2196,6817626295c3b24af35548824ea351a54b8a1ccbd2e4b8894adc4439dcb336
\u2197,9f9ba67b451994778c8ae4491bd361f16ff555c16b1992c16563c9118cacc2f
\u2198,46abe83a3aaa8fe98e7cfce3367bc35b40abca26a188dea52a1c1b79c19759
\u2199,c24621c536b3f354888f958e5eb9d0c784a11ca5e12da2e029b2835f8d4a692
\u2665,ac26fb89b8c6f691332637d2443f90e8c3353450bf385c599a16726dcfd9
\u2713,b5a3b49beec3ab23ae0b60dab56e9cc8fa16769a25830b5d8d6c46378f54430