" ",72b6732199faf1b2447725e56829090fbceb6c2b514953862ff03c16b53f3599
!,ac3aaf1137e5783ce271402d015ac83529e2c3f53d91f69ab629f6a9565fee78
"""",3c8f6a113c2459d3c5af63520d068e834c6d140277a3ca7565aa31111b07168d
#,b41564bfec3bd3af03558823c60e0e19e89a0bc77c64f5b7b25f5c435a5b1f9c
$,b116b68d62a35c0ce0c8c557ac634f7677048c6fed296a0dd1ed1a9c476b26e6
%,67d6be1dca5352a5693e29ea35d806b2a27c4a97b64eebbf632c998d5948f1c4
&,e914d2d634180e712ad9bc252b4255ac70bb9b8d44966cfaff973fea1adcc9f0
',2dc091801da9df0c36835f704f3b9a4bbcd07456137a7d451aca00704db4445
(,1820a0ef19ff135db10b75e2828027c265a7d83a1f94eb8d0ca67cbd205f16df
),17002361617dad8e1ba32e8a2b86903ccc4581d424cf128bd424c7a89f566b9d
+,5d8604b9e195367f85a23d03d9dd503638fcfb05b0032535bc43734422483bde
",",6b18516df85e3a143b09ce83e001d9d4016a2d7a46dca92c4e39679268680638
-,482c23992a02725d9ed1bcd90fd0307c8262d87e80ce6fac8078387de18d0851
.,c655ef6ca5b3f87de3109bc4b12fec924f6d273d8a0ed5047ff07cd6caa94000
/,53ad52e1749ebd056f0aa33e11486e6dc312c2db7854a04ef718475a0987c5a1
0,3b468f5598af7c66f1c1d73465ec31dcd67a88d90051b897dad84bb360b33799
1,d9b30303f94e7c785a31e5727a9381535daf4753449ea41db746e1234e9dd2b5
2,e3ca7d7c1534dc6b9ed1647f9025ddf244e0107dc8dd4f4f0852c82081d6350e
3,195e1e2fb2de7e6299a0f61ddf7d9a6d101f8d664f1959d3b67dce8b049a8ae1
4,3839eaf9ee07670607d3da4d6c1d30fe59db56458fad5f55b5412d56b3deb559
5,e8140ec4845631a89ffe8344ae98d1049b82c2159393290bd38a8a008465b3d9
6,8ebf9b6a6c4eb0cbfd0a3d37c34c45860681f13f7270f1337fd136a7011898f0
7,64c2d6cbdff00b97af7f8cfe8767fd87cd65639abdf83ec1039a46415e69e398
8,bd2791752f67a6450b975d357412356b0a99e3555e67ebdad2d40326129bdda4
9,517077c0c68c49691aa7044394aab908386394c3d47aafc57b06b8e32d1656f5
:,49a7903fe13abd07ac546c8f67f259a2b0f14c87376db5dafcfcb79f15d4da87
;,7522def2f8422174788e444a714a9535abbf7ee1b8630b01d5830c8f8b07624f
=,573a9de145d018086932bee88cdf79c1b62a5ca5f159dba10098b6dd883e9aad
?,1035c528036b384c53c9c8a1a125685e16bfb369c197cc9f03dfa3b835b1aa55
[,51708f977a8e057711f5312a119a421ddbe5f7f87da914c7b8e3fa3d1a69e6f3
\,f1e1ad26fc3d5f13ccd9e01bbbdb157c27188e7d05e6f3885b18c59f12416f7d
],2f08c306595e702cdd74d453ffe09869d04a88155b2f4081884b78d21987b258
_,62335e19ad3f3f066652ffdf827e507f3068ca7518322383c41cd7c21317100e
a,a517b4829b83192bd72711277a8efc4196711e4180c22b3e2b8166bea1a9de19
b,e1131aca5fcfe6e58f616ff8befd027416fe6b98eb5ec642e035ed8339607bf0
c,b2e594ea15486eb19261f2111e95837ad6e9a6b1d549c70ecfe7f83e41362b57
d,6b31b79e380df31d5a4d649b1ae9fc02067d7e99487122d04d6d6ab7f7de6181
e,b77165c9db763a9acd13c06220e92d3c970dfa36dac56e5957d02d36f5a9f0b8
f,8442b066e0e5e09a6e6bb9989cc27451f2bd78fb0dc72108aa940fc9db1c24e1
g,5c1a8fc8ea45d744307916eb50ddca5e40065a3461a8e469490439f9e24f4f24
h,dca24ac8c13d21720ff5acbf2eee7270c5b3662383208db93721d0549b45b9e5
i,84bcc9531ade2e0639a6ae03c78bc07a1a9be60fc6f3e3fe39370fb56c6b5976
j,eb060bbe4d6d601469b49e105253ebae05293098a974b6f2d5684f941ca5a5fc
k,b37e51ce0d4c8eadf675941a45e10b928e43d22eab539ac886edbf40bb87ec0f
l,206bc417e3c06b22735d539f9c6c8fd7c1efd19236e2c381534051d9d6bee804
m,1d716256d727ba1df18f826f119051c33a394209a95be837ccf6fae9ee6b871b
n,e713d2601e35242d35018cece3b34c61bf5001f5dbd7463a4c5587ac365b3d1f
o,35385b05e7af54635b10f02cdb0045672c91c724cf164e5193a4f7be7292ff30
p,b553141aabe89a8a5804a172133b43d5d0ee0549cc19db0385684043cfa946a5
q,a4d746e7e3534e729956f1a04757832fa3bf9e2d14ef6d0db8dcfc4e21532338
r,55827f45aae65681bb27e3e0465af6228ed6292bb63b0a7764596224727f8d81
s,dcd7d14c6db841e5864511d16ba7670b3d2038142466981feb05afc6e5edc6cb
t,b94ac36d9a6fbff1c558941381e4dcf595df825913f6c383ffaa71b756a875d3
u,e8060faec45097eefa68088a5c07657743426e0453f8b66cf26b839c04864c00
v,fa3fa916b5e5915e026b91b264544398ff02d1eede7630bc8158f3a663ca02ad
w,23324d1fa070cf698f2be539d69ff438aaa6b1f494c5e013c7ee9d9c33eb83c0
x,55d5c75f6675edc292ea37846077970d226fbd524e7fd6808f3a4781a549b08c
y,1ad30e9e25705c51b846e74e7779623b69c0744645da0004d4db0fe46336ff8e
z,9a24b0f6c184ff173686c7d128df536d10b7280f8008636a5546f1c777234354
{,a99a8bed6ffe662cc70f12f92d86efdde1a0d7933aa9a8ecb5f2952c104b4764
},71a7c3a4aef1449435740631f02f272dce0be7add6bcf00bea17f8d48aa35413
\u00A1,3dbaf203ce9d49b72cade405b861acfe4b653dc8c8a43e80b670fa97e560efeb
\u00BF,8064777a09c00a4a92eee74aba7c672bfea7f0384b256894ea261d5a915af8ee
\u00E4,c31403da08e7e3ae66e617682bb2e4ec183c93791a91a41fb4121de5a340942f
\u00EB,52a20d66e193b58d8d341cf9300d404d89c8f11158988e927ceb79d3bf18b749
\u00F1,45f676f6209e844905963da139f6bbfd3cbb315d088ee134637b82ec7dc3a46e
\u00F6,1082813030d52019d11ec3847d26a46277627f468f7309d5f7d6e71a2c6a44aa
\u00FC,c3c50336e4da6426a5a7eb94881f8db14b5dc556a088d55da4d59325ba053195
\u0431,52a20d66e193b58d8d341cf9300d404d89c8f11158988e927ceb79d3bf18b749
\u0433,3cbf0813f9edb2de7939e5c03f5fef0820f98b3be69d52a777960015b47e7c4b
\u0434,583763532ff4a56dedb25bde59f548da443716c236112656b0ba7daaaf0a37d4
\u0436,9be72039a40f1002fba6ab1bb5f7f00d70f53b4b48c2e9bf0f1bea70830081ac
\u0437,4fb7b208bdb44a5dce8c571f806834fc316aecb5e65e17733dd32769cb8cbcb9
\u0438,9216b7312261523e06005fb94dbee65576f00028bcaf87db1046d380a17c8f78
\u0439,a23c758634862e23c82463c61267f3a24ced2002819a6eb81f207918eac47c86
\u043B,5716be5b00b3b72fc47a648a8a99948a75a51c405fc302c32d746a3026e34197
\u043F,ecf4954cbd8681c9c0d9205b054cd2730aa0e687567be1d6001ed571c2a16a25
\u0443,bceef846bd627442dd6fd431fe7bdac1d7fc0e895b86fd00547f94c5fde13d37
\u0444,dc1b112d40bd8cec295f52822a3bb77fd1156752531f06aee8edd2867527b9ee
\u0446,f752477015a47f120210ca432bde6344a76bf8d4bcfa2b49ef4eeffe051b955a
\u0447,b7da8992d8adaf1eb8c01b94784be49bd718f79c0e132672e2a6b966d0b42aa8
\u0448,5b7a10e57dc9ac43a44b41492a41d8c72b7a9bdcb0033480f84c9b376dae8f22
\u0449,d6f54e012e262fb01f37ee607a73058963f1aa45b8ce67bf4b6837a79d946093
\u044A,1b1760f955e47839bbd6f7fe65fb0a308e04f4239ef8dbbb7077b51e4dbdc6
\u044B,6385969a2c52601ac56f8dab121e42f2c3f4cc79567e09eb1e3cefd45b1db261
\u044C,758610590a4bb6c57fa31bfe8dc305678f9e4aa0968995a3bd426128efedf871
\u044D,de3f8db3c690cbeb1d6d50de8b54c8462da33c20a4e0f69da0df912886d368b1
\u044E,3115e99e8f795ce5a3fb389508fe933cb6345b38566505806278999f3adc52dd
\u044F,b13a4eaab76b9d212594a447d8713f36d1739e559140fd7ad08774ec1d4298f2
\u2190,81c96a5c3d13c3199183e1bc7f086f54ca2a6527126303ac8e25d63e16b64ccf
\u2191,9cdb8f43656c06c4e8683e2e6341b4479f157f48082fea4aff09b37ca3c6995b
\u2192,333ae8de7ed079e38d2c82dd42b74cfcbd94b3480348dbb5ecd93da8b81015e3
\u2193,61e1e730c77279c8e2e15d8b271a117e5e2ca93d25c8be3a00cc92a00cc0bb85
\u2196,425d9d5398bd757f2fdec2a62fd0325fa8641e7f788c7f676ec8c6f4b3c529b5
\u2197,9ef664d506e975349391985c1cd071cea7d4631763e5a2f914fa470cc2bda20a
\u2198,2cfbc163535eb54bfa5830b4f8fa32edba26881da107d61cd7e7bda853280e1c
\u2199,656abb4c74d11bb3ecca9ed4270cdbddeea9705822fd33b94e05c47c3ee56f90
\u23E9,c920f0d4b2e010e80153a68b45501d054c43bb248f44bb8373640e3235679ac3
\u23EA,d44af2e8d3980ab8d507257c5b2da1389b7579a6fb4b8dcd8db50d2facd680d6
\u23F4,fc99aa6fc2ecce35665d948a01325153fe53fc1771fb2784f57967f10e2ddcf8
\u23F5,a8ae11a9c940c5ac62b905837d21537dbe2f3e5011f0bbbfdc11224b8603dbbd
\u2640,f570ee67722f5a80d1eef4fe3dd018a9fbcadeee51eeb4a92cb558623e728ad6
\u2642,15df33171dcfdd45ab6a6bdba86c2d0fefc04a6e461af4591f2b58b8267ede68
\u2648,c75493546982496ea18e4316bd80c759e7089f7cf03e4c905f3e1f462add6e2f
\u2649,75ade7cf0c9b7f68cf8320452aa1f1f79785159f99b78631c9491c13604932ac
\u264A,4e585f6434dba73132c4b3849bb377f4ab5c01330763a8eb9417b6e2d04f9c32
\u264B,317d2222ce8b5caa261e8b094cd515f6b5e814e98382281041a69eb7d6b49bc3
\u264C,1a9e06c973ad7ab386c7ad02f2d8590749d2e27500b9d5f1dd1a92a5ce95772d
\u264D,d44af2e8d3980ab8d507257c5b2da1389b7579a6fb4b8dcd8db50d2facd680d6
\u264E,60a3af187bb8b83e5af566fb6afdcff33e36476fb34b19096f2b57d3312fe292
\u264F,9f0a53e6a79a4cd8a63585601c6d68da3c3bb9a7e15df16352ae5608cdbc3110
\u2650,13b20a1acda7e566064eec9acb61428386ec9f5940018338c6d8fed4ddcd6b59
\u2651,12f08a99474aebcf55402ef6473472cd7acbdcc9ba2f143b8369a0c58c3e0be3
\u2652,a4c780569b3a4f62a899036dab8bb96fb02b2ab71c5332eaa4b7211765492062
\u2653,ebf011891fb520da8e419954e007d42367e1c669f5d53b121605e3439da8f1ed
\u2665,caae1743c4cf0c75c916df6102a396bba61a6c40da5eebc6b92d7ad2bc5ef5bf
\u266A,f22e40b4bfbcc0433044d86d67685f0567025904271d0a74996afbe3f9be2c0f
\u2713,d2c2260b7027c354865e83c129f2d332ffebdbb85f66469bbf9fd20f3c3c6077