" ",3cc470ae2631efdfaf967b369413bc2451cd7a39465da7836a6c7a14e877
!,e7f9c6fef2ad96b3a5465642ba954671be1c4543e2e25e56aef0a47d5f1f
"""",89b5931c12c3f2d387bc429af22e8396921fe2f643a3774374f38ad34b2d
#,34dfd9663c3ee4d341d97faac5fa70d213eafb14813af20d4a425342242142f
$,b856ccab6f72b6f37332840a2779bb42758bbb2c015f54ce53740cb0f1cb4ca1
%,e1adc213c1b9ac9bc3b17019b3f9537be72eba8a256815a45d43d561429c84f6
&,f8ae3cc274f5b63718f5fc3d4f865384f3ada6f7016ddc1c146ebc1845d53
',379ed0b5ecd4c1d808a9eac3b7387d2b9dd87b5d14e1d01a549fc43e33191
(,82d78b42703adf165f844f7ec9fe4e9c7fa168857cafabd1d8262d3112d3ad
),864393e6489ef1af7899d444ec7cdab2e755d8454dd177683f849bdaabc725
+,ac731c3c723f67d2cfb1a1192b947086fba32aea472d347a5ed5d7642f73b
",",a6102ae382edd8b2ccbeb83494307c103dace3b3f0f49db7d48e30ab31c5e326
-,4e4b8b8d2362c864e062301487d94d3272a6b570afbf80c2c5b148c954579d46
.,c554843286108f464a1d6da4c5a4d1b472d660ef37f96c3d579e23e92062537d
/,45afffe7a94e1266a188c8353a19a95be1525527b43f9713cf1347f41555fcd
0,85bd1e613ff32b523ccf9e574cc311b798c2b3a6828f0f71a254c995e6db8e5
1,8d2454e4c67b323d5be953b5b3d54174aa271460374ee28410c5aeae2c11f5
2,b13b778c6e5128024214f859b4fadc7738c7be367ee4b9b8dbad7954cff3a
3,031f66be0950588598feeea7e6c6779355e57cc6de8b91a44391b2e9fd72
4,95bc42c69846c3da9531ac7dba2b55363f8f9472576e17d423b7a9b81c9151
5,df3f565a88928ee5a9d6843d982d78eae6b41d9077f2a1e526af867d78fb
6,c5da1cb6c4c23710224b4f4e8d6ffcf8b4b55f7fe891c1204af7485cf252a1d8
7,af4e7a5cf5b5a4d2ff4fb0433b1a68751aa12e9a021d3918e92e219a953b
8,1683440c6447c195aaf764e27a1259219e91c6d8ab6bd89a11ca8d2cc799fa8
9,f8977adedfa6c81a67f825ea37c4d5aa90dfe3c2a72dd98791f4521e1da36
:,42d22207011ab35e5d559944967f37c9afb5bdce1e881bae0bc3b62618f6a
;,aa159889a6718456dec6953f762d87130222f2595a7c9714b8d2f67bcca1ac
=,d345e5fce2fcfff78cdac65ed881918c79c38e855ebbc192c97c5784c32d378
?,4fd5bde994e0a647af1823681a613c2bfc3d9736f889dbf8c3bbba5a13f8ed
[,fee9e656749675e563da71357c1f84967244c420504697293ce878cdb8a36
\,98c34a2ad2cfe86ca95480a289978760e272f7925beb380c513e9454426e6b
],a888dc3650da47b09c97fe9b77a7c557ad836416e6150bfc7167f369e837
_,688ff9ae437118dee608031a73420188a13211e528160ebcc3d5d3c544c97
a,51d383401f77beffcb998c2cf79b7afee23f18c41d8a56affed79bb56e2267a3
b,d4c4a254bec46e274757c07979f0ddae36c7b365487c8f35ffead4cb2e311b9
c,78514b21ae9cdf5a33b88298ec5a77f820b869e97cd248ee9791e4d315607e
d,ed68ae3150d81e4c0a9d172bd84c4ff73cdc0b87fee8ec661213468d544483
e,2f4f251752c7317bb2fb628e4c37c82c60719d909985146b261832152a30ada2
f,88bbc35213c65109fbd8e90771e4c6db785a9be8e403d29ed8ed2e3dcfb128
g,185361377215e214a35c96cbaf9db672105afafc9494bbf4ae72aa673c5fe7c
h,4d9e33d743ee342243312291ccdcffd7fcca5bdc8a6a8459ee8e62ce57add7
i,135c1e44fa6a4ba45c2a34f519aca241d895c5d7883dde07df44fb987748
j,c7f83144c4ce32e9ea3a448ccc85fd9c9be43c2bf5688ec2dd533a1995661066
k,e883b5beb4e601c3cbf50505c8bd552e81b996076312cffe27b3cc1a29e3
l,2d16e9582a48a430e827ef09b715789a72d9fa5b1224a3261c4bbe5cbbc2c
m,116afb385724783947a6052ca2758f9c937cb8130c0eac1a3f068dc55495393
n,3a1d1f6fec429e7cbabc6965b03285ec5ac918ee6e5c3511aef81f52a848e71
o,faecedf5b8b0ac3f56192fccb0ade48dc5a043e7e0eea2bcc5f54ad0281f67c9
p,565f23ddc6e83ab7d0c4aa9c5744af7b96bc739bc83a96cb1f2b18d671f
q,ffa3c3313ea3e2e418e57c9f5cc30b0bcc835b8dffb83beae1c1a6026a6ea
r,35f45c875eff538fcec98f6acc1df2aecae28f4860aecd24e2dbdf13924b327
s,fdd2cce04674c2c3d5a3a94ff219787a2b459de790a0c01ff29b96729072cd
t,a2c3b2e622712b1495fb95dfcb05eb143b2f2697e6f3c4e4a3d685cf31d4
u,d2ddeb19b4c1221784e79f5b615e94fbbe742b5b972b3cc8e7f672d42424682c
v,7ca6eabed620fd1c3579dbe6568f7427b32a09f731dc8b745504058c9853449
w,9b518e0ab30fe82ffc6e5adc43fd2287ccd8fa4715cbc29d89b59b2348b34b
x,beb588b21a6f98ad1ff4e085c552dcb050efc9cab427f46048f18fc803475f7
y,d88f6ee26fb74c7b2e2ba3e3c4a587216a1fd6cbcc6dff9cd350cb269af93b7
z,c83ce0872548a9d1eec72e5b195aa99c3b02f665892b9872722acbce21e93
{,634f9b1d6825c8ecf8979c452dc7604cdc31cbaf9958b0c3b74f1d328be015
},679d32d134dead923f8dedfbdcf1ad5fcd16b36501afbecc9924af97b3e8
\u00A1,fbeb2546564af4df7f7f589423f68102dea69cd4466b0583c474e5ac693b2b99
\u00BF,5e9054704623b1e3dac1839b208b2aaae468092e5e001f7104bc8ac618b71d72
\u00E4,71e8cb38d0d9b24b1361ad1661a28f0c236d3a4eab3f6a1b13bf764932eca8
\u00EB,861a7714824fb024a4ac1d379ba8b61b67b517aa9fcede2d81fced59f191d29
\u00F1,935d6a29dd20d090239fdd4d7f66ed086b95031a6261308425ed660399ba4c38
\u00F6,b237c6fc0bf78d2e971fd43bd12fe7622fa3c3386116ab93c862ed34e09524
\u00FC,3ee1201d1da8f13f25a46936f1a98625f17c5509861165556f5ba7c3b2a4d61
\u0431,a11792c8b907d1438842b928f8e3cdcb38f52802df483fc6d5e247afab74
\u0433,5561a8f44fc83f87d16f8962d6cea51640b29df6f5282473aa74acf997a1331
\u0434,f57ff72185a2c12b0e56564f8318f34f460ce97d3d43248472cbbb514907d
\u0436,15488711b226dff8b4b7b9ebc7b5262d3b7a8a9c77c50a857f5bc13b45ee4
\u0437,9ba72f114b1d2a8b2a7286768af9b2fe23689f332f2ff512b8fed14560dd4f2
\u0438,3dd72e7056da7abfc6b980553fbd1b42f9ef3acb929b4fc2e1bda161e3d1719
\u0439,d7f0846aec775dd23aca88d624c7b530f6a6f1e2e58f80e6e4aeecb9acafd1
\u043B,9f311ad9b528a7667e5d41f34ef1b64257533685084ade234e1af10e982db14
\u043F,77b5e7c0952d86c494f11ad930cc132fe43d58db7966d24018a55b29f1cb9528
\u0443,4e6c9a852a75fcc6670a1dcc2117a5e9a5b7272612c9dcef792b8c8b701035
\u0444,4789e786681579dd1d9f4d11cd81015ac3ac99cf25c8f8ace9946b956222f5
\u0446,914a4a54f875cf5fd4eeabc4bdbbeca3a9ebf2e30f662e74daa67414682e3c
\u0447,5a1df1a3af605957151eba9ed0ff28e4b3c91e7c773e3453d07943a3cfe2d79
\u0448,1c6c7a95623ccba5e1e9a267fe7e0d196a7ba6f39ba751aa4d78273646
\u0449,b62dd83a563b723372e3e9dcdbcc6d99b2ca0d053446ea5539c217e5594e9
\u044A,3518162b0ab4853d8872159b316a745b1d8d1e723c7a90d67ede112d3eca
\u044B,ed137793ea1185a43a25bc11f8bab8f23c21cc4ab27d31153ab80a28edf6aa
\u044C,d0ace0b09e48d90bdd8184568d5acdfd8cdadbae99be27c5d6717cecb7960
\u044D,e65b744c30a9b66eba8624b668e9dd538098e3862675141922693be6b4eecf
\u044E,2ca6c6f99538229d868339af69756ebc86c9cca191c624eb9e38065856ab44a
\u044F,fa928c727e3b9213f4b252d275fb766446a8947078c58af3f4b35a11bafc1459
\u2190,f84f597131bbe25dc058af888cb29831f79599bc67c95c802925ce4afba332fc
\u2191,2d9287616343d833e9e7317159caa2cb3e59745113962c1379052ce478884fa
\u2192,fcfe8845a8d5e635fb87728ccc93895d42b4fc2e6a53f1ba78c845225822
\u2193,a3852bf616f31ed67c37de4b0baa2c5f8d8fca82e72dbcafcba66956a81c4
\u2196,314616ad4881c72543a22d8ca67d679ece7b3f84250736d962bd7c0306964
\u2197,574e65e2f1625b0b2102d6bf3df8264ac43d9d679437a3a42e262d24c4fc
\u2198,b94326b538ed9898710d58e5524726f31303734483d1e5237ee325a8bbe5217
\u2199,a9dbed522e8de1a681dddd37854ee4267efc48b59917f9a9acb420d6fdb9
\u23E9,da44945494259bb1e047825c437ea9f848427e07dc2a3abc4669f111cb3b
\u23EA,c49d271c5df84f8a3c8aa5d15427f62839341dab52c619a5987d38fbe18e464
\u23F4,edf5c2f893bd3f89ca40703ded3e42dd0fbdba6f6768c8789afdff1fa78bf6
\u23F5,abae89e92ac362635ba3e9fb7c12b7ddd9b38adb11df8aa1aff3e51ac428a4
\u2640,61e9c97ae807a415758f4a043cdff978fa4e11c0f7885e629373d0c122fea3de
\u2642,5606293bfe74f878b07d7b6cec53bd115a7c4c73e3204f5623d5da9e26f7508f
\u2648,a2d91b4a0527f2fbcfaa34b599ac69c2cda1ef2ce9c7f8bcf9f74b2b193f1ac7
\u2649,bb13fb9771339f4ebe17ce46fa82280562ea6adf60249a79a1d306d854514148
\u264A,ff0c9f96a52042cb7599a7545f35ef8592432e3bcd489b81c6e57ab7a36f339c
\u264B,e873f73c098ceb1c1243312f10dd1653f581ed873e508ec882d736d0e03ce0cf
\u264C,bb170afae063d8a4a703c7585a935b2e499fac7a20a03cae3a0fedf1cdd48c67
\u264D,8e6f062f91e99f68a75268e12494f65356f1840e13050840e8585f7573931a1f
\u264E,39a74600d258ab53c2e6ea246ecc9487789c42f8dae786b032cec18ee66ee3f1
\u264F,21533d721e31233795c1d8169cf9dd34df14442127d649a2998b99c04ced9eda
\u2650,9996eb2dbc70ab7674fddc862f0a4d41b721bc44b65775ce55f9781b963be7b2
\u2651,ff2d0a4c13053258dd49cd4f17f111a3a704e031238f4766d49a4bbdb9ed5cd0
\u2652,8ee129978dadebd8896393e1a13d74f2f4e0882c8ddfb16830e592a4f300e2d3
\u2653,27b6c9ac6f0e96b646e9cb9c91e6a2311ec4d9e891ebbd5f6ebe430ce48e12e4
\u2665,b837f3db13a40d4979de77179e18af6e0bc3cc39ea6aba518bb080a6f01a40
\u266A,36aa41e84f062fa8386e1d7c1a620a39b99a11258290ab3ef15a255d87be040f
\u2713,ff9d9de62ecae9b798555fd23e8ca35e2605291939c1862fe79066698c9508a7