" ",87572b5afe38fa8b051e90bdbf461b4737abe4550a35c82fc2dca6d75583a
!,f23d5ff814f095d3fbe5e53aef08515e02f99c8591648835f6edd59356b6
"""",40b051aab78fc982e42fa1db3873335b18124c699bfe31943328c213448fd80
#,ec8236e3285fe62f6467346911a198e90d2b9a35a5db4ddbac91ac2992a6b
$,999af486ce72bbb1d4fe95bbcfcdf596681d9d6108b5632fb8993dfe9dbf3293
%,7c1873d2dd1376bbaf78918af80a5b64c37ff8cb3c7432bb9765d65e6fc4
&,fb5e9a3ff20592b4a215893589ced9153704922bc3d40d575a1a5514bd66bb3
',2741703e1bdd27ce5821d960ed3e4d74f5562f4eecd3a274ed129de6e37b08f
(,93e5c524cf1257d27d60ccb3f186aa7e658c1784997261911c56d3793fda19
),b63e1ed8e682595d54a4e142525d5427f28a6ec56e7b37d336b97e2fa4ab1dd
+,eaea5d7127214ee2cca1b82ef82f8ae55929325766ea84dde18c11de0c7d591
",",fbf7cbb7eb48d44a2cb555d664724a43d0449e63f0ed1585f0be468357cac
-,f84ccff09f83a2aed9ebe08b6817eec667fb996d12986cb98ede41af58bb1d
.,ffa532f4f8ea816a789dc7ad4cea1540f6dd74472da97ce12264e51727cea9e
/,8eaebe3053ad549ea82f984bffbfe4433216c3a8bacb1e99e3d1d28ef293a
0,e5a74393822151d3e81f8794ff84bc1b98c57ee9a8a81e29831f73eda2b36a
1,bd21b0bafb89721cac494ff2ef52a54a18339858e4dca99a413c42d9f88e0f6
2,2b3513aa4117a3a329e1f9a43d2a8c51cd722aadd4e8af2feda67b33b64c298
3,69e38c81436f3da120672efb162d2f4ea874ab0ce545ae323777f5e573c254a
4,f03d45521c27fdd2f2b1139a1a17d6495e8f47d9f123493d4dd8aa06aff40ce
5,9f2a14dbf9588126c43cd2111eb41f1de6d8c281b6519194364b9965fc456e
6,eae7cb37ffa6866317672924301b1b29633e6f23f2525513dbf729bd2d066
7,e21d562c5a51b64229fc626f25c421f6ac38cf7839e1c6c47168fac3742ccdf8
8,b6b56cb0b48d9c9edd1984afe1713b98eea96d29be5b2b58da4444a1018e95d
9,137fdef8295df3fb6dea21c6c8e451f1f7fd657a61cc6423a3ce42c2fb961b6c
:,f3ef3015deea8c9d5fbea7f450254c3927ae2b1c2cd18418519902ed53ad96
;,da3322ac5145cca7bf86220e14e4ad48f32b572d4644df2798f98358e5bfcd0
=,a7ab5cf2dfdc9e8ee3c79db14226cdf41b1b15f67b1613184a49e3c13e379de
?,59d859d6baf33eccde997501a76e8b83c41aa6859b8e4fe1be2ac08cc04843
[,46b43224202616d4dd80a56c4b94df4d63a8d5d9ccd7996bef9840311fae52
\,bb37fce5fa1e970802af5c66e0f9da8e165e3087af30a8fe3354eed087c3ca
],e7225c829a8181618382c638d5758b324afce7e354e3e32448c949a556817
_,8bf88fdb1d34b7ed24f42613887d6bd754a141918c940a99932de10c348585f
a,3e69bd2a5cd6d7fcef212a706de0ca4cf14bba1f557d4f4b4c7447025ab187f
b,da1484f5c5458a3ada594a528b65bf9a9d577e25b2717da786461c9b6588b48
c,e26fb169d3d7b849f0bb9a70eb7b481d6f71e97c8ecb13546ec9723814917
d,c59dc2c1a22ae7fb1ed2188c7dea6c95b3542f10d9e26ddd958594eadd555a1f
e,50ef694d67285255247a85cb21793c793d9512d1b1654e615d48835ebae5c
f,7f9fd21a2e2f572e9e5bf0b552f09c416c4876cbea0d4ac3ec1e69deec59a
g,bc76b4e9fd87b77b8c95a8d18484168cbeb78fab5d529d6b6c132246cc3cbac
h,10b4addbc8adba6eeba49de553719aea364a2ea67cb2ca524a320c101254
i,7164b69326bdc41bf7741dcb7034fe4a571c2c79f9b9835e791a3727d1afd
j,a45bfadf75768b2b72a598cd463c155ae218b01058c188a699f274d47a9ff
k,1468d692b3a3f746369476c2f262a9c0512ba9bf92cc18f13cd3d5fb8ac418
l,6182d55bda99774190f0f88e18e53c65affc986b3ebbd6388734ca707c5d50cd
m,53fa332737915568e2a2861232ac6ea79cf1c28c4af11d5117bd76b3bb6b26
n,5ef9efa7447af8f116f8f9d146e26d713b216ae207551e0faf177dedcf71027
o,63f46ccae2bb1243c83d6676b248c2b1d4342eea379315caec021b7d1d3557
p,d489ee15cced4b549930282fcbeb0ff4c1276f630396bba6ba7c03edd90d5
q,2e759ecc8274841a8c9871db666e9cb7acc7531fd9f3bd35ac8a127a80f166
r,b597ff664fc91cbd4a35691e22a048811347d6aa9d5fe4527c9fc39f55fc
s,5729d03f7b643ec6fb25e392a88f059e6639b6dc593e0ba845879fcecf339be
t,fe309df3c3c0b1be103ca877993baf02c723569ad1a7fb0f6f7113e8cf6ab95
u,f705bce7db5abcd3ef63ef88395224587e570fe575d9d06310372cbcae5e
v,c8956c61188cac3d6f765f4d2a599b7ca7cdf6823ff17683c5520946c1a84
w,8cc7bc53c8f9703383fca0fb5ae0ba35ceec114dca99a942610462c4b1c55c
x,d5e1be33374fd7b2bae9c8fc9146b6ed3eedcb1476b3b7b8010f5f44bfa843e
y,e9483d0d3ff21249da9e6f405bb0ea7886558df1a84c9ae364ef4e8674eba8
z,a2d354928d9c728cc3d4461aa266ffe4bacfe44921afead2b59dc7c981a9346
{,e6c22dc39c797316e6226a1c125fca54a76b48fdde1dec7c36d2f848e93fc
},a37ab2dee515368aaec6b748b0eb32d1c9b39412293cda4aca336169e9dfc092
\u00A1,d072e767095c069eb64b234031dde8c5bbbae94c2d0518c990e556ebfe76e340
\u00BF,f91910586567c3a57ff015bc7e5c5bf48778f188cd4b931e6788f05d30cd71f6
\u00E4,d25653bb12b0eabc9428cac1d4e2369116e819aadf32e7842616c65dd78a68
\u00EB,cd9e34e1c6b88fb6738a7da8ce89bf8b9928ba5785ab1840cf2a54c65be354
\u00F1,751ababe95d08fa8669b3ea2c2d4708905029f6950e212052151ca4e8fee8c25
\u00F6,40a2529125c66818361d19adc398e0b3857ee3c83ca3ced54284b1177af81
\u00FC,d53ce042deed22ac9df98d7ae705d3ebb3d974cf253d451617fd0a1f4fa4634
\u0431,dc63248ad0f06b5bdba3b1cd8211f31340f568bed41e036f8609bf6108344e8
\u0433,19d4ad2db0cae4c063c856d8f838b47896c96156fd2baed08ce73a47a52a66d2
\u0434,de37432521ff735fbb8e58f968176ce721f306dd1b169b3667d864126aeeb8a
\u0436,ab7e1da3b5f094216bdb225de947e40372c5595e76f17a4abdf326626c95f1
\u0437,35a66cfeed405e978119789c5a36225457ad9fbe0c726685c90249758f425b
\u0438,9b252944fb61b227b52e6bdc07ae6de3b8978b44ec2cfdeb3d6b0ce178761dc
\u0439,9ff47bd775a67b15d9adaa1a497d535c8fbc4037b236458b953b5d31e92c36fb
\u043B,3e16289c8f7f95b0fc7d20c39a893b99c4e63445485b3e69be1ca4438e732c
\u043F,326232e340659da82d86f318bf742e6ab983429b20589fe6e3d5e9289fdca2
\u0443,274866f31be7d81b2de9b588aa1e2a3eadf226fb929b62e139b4e6785ea490
\u0444,28108b517ad1973bdf9e183f1c7d6e690d5865180153baf2d14c1402428279f
\u0446,5355f0923abd923edc5c4acb2d6a901b5ded3f966e2f61101d3594a2762156e
\u0447,16abf75e1cd665d3a33b51eed9c25f53f90c82d869cb9abf366d3276b3d1b4
\u0448,7af2cdf325b6e702450b85c1f3a14d461fdabfe72297ff88ba6e2cd2719627d
\u0449,7b2826987260d5bf2136e13ff36254e196dfced86daf748a9c59d930bb856d
\u044A,cc482a9ecfcd3680fc31bb08d4ac5c8a869b764419446e4b6ed4bf7da315b9
\u044B,ba082213639de136a2d561303acf39e264a776f5eba687b83e8a23735c14c
\u044C,3ab5d817e726acbcc319a2387322a4c78da252996c43b54930df815818a594
\u044D,f2a967fd8a9df8d91eddd03da16afe3854273abfca83786982ba43d1881bbc8e
\u044E,77dfe052d412cb20628d9b93cf8605f2db41e4b12f1387d5b8c4b9111accf5
\u044F,e41e6236feed403bbb43d51b32b2c46acabb8fcf013fbabb7664e9f341d9
\u2190,5ae78451bf26cf49fd5f54cd8f2b37cd25c92e5ca76298b3634cb541e9ad89
\u2191,f2fc23866523caaa8a9534566127a6f8389af3e76b8e3c33c2473cba6889c4
\u2192,117f3666d3cedfae57778c78230d480c719fd5f65ffa2ad3255385e433b86e
\u2193,f0d1df8046f0b5d934c3e05798eacfeea6d7b595dbe26debf7db9acc8c4fa798
\u2196,111f4d8f40399b845f377da9235706f6b447b638319d8e72383b4fdb74a944
\u2197,3c8870749b145b6fcbe50ea77ad2bf22961ae6ecc425a9a1fd13e3bfb02d54
\u2198,4d5e3d6cbd98a094f4c0ec78d34bde1ec8a62fbfe28b78c12f9ba84719f1ed5
\u2199,288eb5f528cec583803757ba202c15362f84a3f6fbe8712e8ab256f25e5245
\u23E9,fcc6fd57328f3a11e2b9bc89cc32bad71cafde18fd271c17504b27f6e51c
\u23EA,fad0807ac7952c4250ab59fba82646222a1a2cb6d643e4a566ae75d863254db
\u23F4,d7b99d7d3cba459e1a882447dacdb27943c1ef721b2aecacec669bad31cafa
\u23F5,74bfc66c5121351a526662fc5c15c35639abbbe3f9b17d55ef1fb5e68e6c8
\u2640,de2be31e65f7670d60c91b7bc5d421a7931ad8530c3c293578087a1e5162c6ec
\u2642,c8b6d2a6d4dcfa035716750487e7062d3696b3ebe22fa19ff52dd20f0da0a83f
\u2648,1853758c83bf82eff977e0aa8c4d00897894cbb6b82990cf56db7b21281de9dc
\u2649,94d03635b7f25bfe3e2a8d814c9b0221fe92db29ff415113819bbc1fd4b5ef97
\u264A,ab9ed6cc867c773ccbf573b754e9d83042f46144dc31f336ec2b9621ac8251c4
\u264B,69b0205fe0fbd66bb8e4763383acfe3a4d7a0cc59886248f72cd1359507813d0
\u264C,d6d569e5610f8b94294628db3e245129750c969170e2e168ac941e41138b1d28
\u264D,7565840841db3775cddcf343870a0954090eb4aad3c56b4ec45a436b4bf02fd2
\u264E,fbc0ea088b773ab95e5a6c056574a59c91f83d70096b76188a2ce2c1c79d43fc
\u264F,bb19d16c296a617638749a95421f9bff53956cf87a32ffabc26d11aeadf720af
\u2650,248b66d50ac6332ade2062b66e9013cd3949c7fac2317c4672a712c973ab109c
\u2651,a808d8664c44b59c1a89572f5f55f0d1565f298c47272ce838eaba3aa98bdd1c
\u2652,852dd0acf321d264249a79a5b7ac1482c253c06297709fd07a740c707a6bfd00
\u2653,cd0a480effc0919b9c0469ecdf0e8545fe4e9845b7980ffc07055214ce9fe40e
\u2665,bfa9de39c793528e15de617f429f74bfb43609b524881c494e2fe7add45a67
\u266A,14cf2dcde63e2d72dabf7f13483a8a886fe2c58dc60f6c3f1393d74b661e5a68
\u2713,a6f4431e983b3c854044bc00b7c54800243cd7dbf94de339b8c2f7b2566a5201