" ",351137e11443a8fbb05fcd3ccc1af9bd2303918f35448185e3ed96ef184da
!,24d67a3b4fbb671d845a9c842e9e86038acee17b95e6cacb2b02cb9c
"""",456723321971915a031d7a25c7630788c55e6569ef055f9583dcd78defdec7e
#,52779851bfcf9dc9e365fb481ebcad5944db8b71a41a18b4ccc6fb0e898
$,f509de981a786a980b0bc871ad855b20ce0b701b7a2df14cfff6b3a6e4529723
%,98c2bdf64d8196c546ca2c5628269b3955793570bfe7a54d98faa4f09fb24d
&,a5f61b8342b4134d17bb1c93dc77a079a9f5edf221173593ef13c1d3136cf1
',d5133d10633576f1a495225a3c829ffa672f3d7485afbcf6899eb7dbb7701747
(,4580bc1d57218121c97a46345f7417a8c0103a8baa7571add692c2eb1070441a
),d627dd4a8427af88e060bbfce0341097c9e1d62d2496a7a54cc1fc8f5a5c16cc
+,d362ac6d9ff8bfbc9badac35f627cbe917ac25af8e6e9d382ce3dd317ac0398
",",11c61eae3bc18106a2ee202933d73fd93baef86d4fbb83c29aab91e93b27
-,9af23bb9a49125c2ce8caabd72242418b7724e48e8018f12322875b237dca
.,7044a3345444d99670a2ac80cbf942ff4864802def8c9a3449bd103ababcd2e7
/,299532b86e41a42141c5fd7d1bb7f257808264822992be59bc9bc689ac57569b
0,71bd6a44ed3a9a86e5ecc2c51759c299561ae95fcce9b95252423ee636eb28
1,d55fc2c1bae8e08d3e426c17c455d2ff9342286dffa3c7c23f4bd365e0c3fe
2,dc61b04e12a879767b3b72d69627f29a83bdeb6220f5dc7bea2eb2529d5b097
3,6823f77558ca6060b6dc6a4d4b1d86c1a5bee7081677bbc336ccb92fbd3ee
4,91b9c4d6f7208b1424f8595bfc1b85ccaaee2c5b9b41e0f564d4e0aca959
5,bc1415973b42f8286f948e2140992b9a29d80965593b14553d644f4feafb7
6,16f5fbfbc8944a50777113798e9fe3aeac2e39648947b70cc103deb6c9e8661
7,df3acd6dfd5bcbfa9fc84df3d704bbd9d1487ea87cf564427bb8ec95c65227
8,deb115fa47a9d2d6d41e5aa7be4e1367ff92c4e9465897d5d62a765ef924f4
9,5ab8a27aee4779f043a668c9e927a353e63ac791ed3f56a24f61d9439ccfd515
:,b13f53b5d55ad78db71c59723e9d83be252f5ec9446929155872473b608d
;,474f4ec1f165cf07caccc6faeb533fc8ef1c6345ad90d9cd5fdf5b764ba5fb
=,eca2d23c032541b55b85add34898867b62be443892acb6912565896aeb
?,9e5bb8b31f46aa9af1baa88b74f0ff383518cd23faac52a3acb96cfe91e22ebc
[,ee2ad9745410f8662f194876d57816c8d8461c0d4a3f5439e495463907471f2
\,b829c357da448e57972647ea55795281aea1747a78814ae5886bb9b9dbc44
],209ff6bc86a8394ba0ffbc723964bf4ee354f93eb6a1b7889f2ac25bdab1e81
_,e9435b42096f266efbc7f3695c93de8e0c88e35936b64528522b47c3ac9b462
a,8073ae547e6daa9d2dc8cb90e78dd1c71cdfadb7401dc167d16819b173283c51
b,b5162f3350bf396629940ebc92845cd3bcdfb9be772296c4ce90782b76a
c,7ca1b3c384d2d3636078dd3818457986f90c4a71118ab8dde83e15a39ed9fd
d,80a563166af45424afc5c6c8ec6151f5780945e9b97353ebd2bccd7135e4fa
e,7d7e39a0a47af42d95c0fdd8cecaf9682e2822b3371d9cbcf972932d3a61fc6
f,70dc9420c14fcab98dcd6f5ad51e8ebe2bb97895976caa70578f73c66dfbd
g,1b575b5577ccb32e42d54304a1ef5f23ad6bad5a3456340a4912a62b3797bb5
h,6c2899f956d9c87da118bb813aa8226f5f339591eee5fbf9bafcee59cd9e1df
i,feb79a7fc95428ca8c88d52028399cd1f3ad973769c3b91a836275519f4fb29
j,f3de8282f06eb1e6a61773b2c662af797e87ad6d162039465a1cfe303de42
k,b8824dcf4ba317533bf29dca18ce7c4fd328b42680e6c322f5f4ff1a394a887
l,597463d7181e83a143a6ced1a1f77f66d1f28e6f272fe8cd95e7fb89ea0dc69
m,a6b8b5eba44993697cb530c2fdb22ce4459bd5c9b36f6899fc1262c0f6ba30
n,e4d29b1332afc4b1eb319a2df2eb9e2eb302f433cdff64095702af7e09b13f7
o,52faf892cb57fa92c53baf57b8b6c2984c4f4c70aefeb6959ff2fadc6623f72
p,e75cc5d47d5aa0a78d24fe49428e3a4b51c9217544fa07bc4cd77c2e5cb96a
q,e968808c1e4585ca87e5f0db8a2c12da0e69f11aed12441d01e1ef5946ac0
r,df63223c671d33729f4c7f5077b3dd8a4f54e22330f35e821db039827d84d6
s,dafe3fc91465f7504f2835345c569d98f9e28964936dda1110c856b092b1f0ba
t,d4ef0419c883dc114dae42d468c64fd3ecc492471a1dd6271569867a8d5469
u,3d8ab4d6c48a3bad1a63711d51afdea6d9c62535c3878cedc859be63a867d
v,792e1e6075f4b2ea6c929a86d5836742998caba0c0a27379c681a7ce356fb23e
w,60dbb4ade8c99b1cd18c5c6bc24fbd36b65a8b66d283e71fd4ff9194d6ae7a4
x,45996f7e1bd32278384a593f5e1b7d36b46c191f844d091dc6c226283255
y,d6bcb954eba6f6d11d3a1e89d38e4c6641289fed2a62324906065fcf7407bc4
z,d1a51a173d656c4250f51d2b88cc76d3b3d2c5a4fb125e23ec6779fcc6b9ae7e
{,1b75a1a91f2bc91724aebfaf36f55d1b6cf259bcf35448c4e16f92febc55b36
},85c6b432d6605bde03df7514c0a55e15d97ae75a8059ccee52ef1e388eb
\u00A1,e0ee6862f418d66a5bdb0396a42d7ce3e4b2e81dc3006eb35b644c93df48dfb1
\u00BF,c0ea2bb72d3779ef3caa615f9c57d794ae0ae647f66a9f04f3a87870e8308a07
\u00E4,d4ea172e14ad1026f2b3399cbcfb84a8fefa84c78f84e8d9bbc53827d8
\u00EB,811252448ca049897129238cb7b5386e4a42a981ecdc9e31f89696cbdb884b5
\u00F1,55f6f37a5b56b16eeab3fba6d3a20e6e176dd471b73110fec3a7b2dee6dd79a5
\u00F6,3a1e694ed374effbe9a67f686dff356cd54c70ba8b848bc769286634d1866393
\u00FC,85562464b47d8dbd6dec7d45ea10c6c05965f996b4b9a8e678ea67584b5ffd
\u0431,fc1293c76a6011cfd8814ef5414a4ad61365d52afa76ae1943bd9d97ad163c
\u0433,1586a5d9f3cc783334ff1ad18a50b639e26aae40bdf72da6c1654c8aad825f4
\u0434,f667c22f13a339a9b73f701067a139daf358f7aea152f709f515e9b834b9
\u0436,cee8ea9f5048896beb8efbc262594ba0103ee784e81eaed235c3d40c46f653b
\u0437,f6689d26538f46713461963e39532290a695d165d4392c1dc672ec99cba735b5
\u0438,2b48467be3fa4cfc1411f6c9430ec7b23a9d12fec77e4c82017eb32c9d943b5
\u0439,f3e6c593843b62b35b6b8db2ae33cb3677c7ee8aa1235203753606f6b874
\u043B,ded9b19222cce564d031bb3f7f4197fa870fb211bd3b5a4659c70abb33bb112
\u043F,484e294269818b4f7c29b87e2ed4945461e346afbc5914c0e22ddf7cd525d
\u0443,33ef6d91f74db216323572c5af24027f44699f05251c37d41cac95ca38f975
\u0444,35fca98b2cb5504e2f3a2ddc613817ec9787b46ee3bc7808475e3849afe74cc
\u0446,669d45d814fcb42256b9cb4576afd2ef31d9d465bfd5cf2a27d2fd4649e82c54
\u0447,93a2c05cdc7a95c7a11c611ea35cbb43fec049be119944639768d4a476442
\u0448,9dca7f843bef1e743dede6a875f63871a88479d6038bd9e8e86b21f5210ebc
\u0449,4cc8eb295691f0ec3975d27e779fdd2bf08666b2b9547055386b8bb12ced519f
\u044A,1e46df50c33e9e89cf65bb26187de484f68f49c3505d8bb2bbaeaa52279761
\u044B,8f7fcb2b82653f7677a8cb23ceb11a6b6d35f85452d8c9b632f8dd14d7d
\u044C,e8639d383562af210e31ce823396045691213b387ee487f4ecc8024697ecba2
\u044D,5c4d665266fbcf62db823669f8d169d0c7f7867e7653fe639fafcf1b1a75c5
\u044E,6dc0747b9eb929f9fec86572ff6fcd16430403fe11e7ba26fda819778f689
\u044F,e7566dc78e49deec3abdc74620a868478413e016f37146e58595c3d365b7b4
\u2190,dfa605e25f4fc2cea5a766d79a8bfa290313e45d8f5e957d958a0f33fcb16
\u2191,dfeb39d71ef8e6a42646593393a5753ce26a1bee27a0ca8a32cb637b1ffae
\u2192,5a92ad456f76ec7caa3595922d5fcc38dca928dc6715f752e74c8ddde344e
\u2193,99e938181d8c96b4f58f6332d3dd233ec5fb851b5a840438eacdbb619a3f5f
\u2196,4544fc7fe4724b4482b54b9bd8e9dc4c3f28810aec41584f67c8f709ad
\u2197,ac9f813ae82cd688574a849ab9ab441346763adb9ce7cf1b1c727de795df9b
\u2198,de4a2bf57bdc37afc39b46eec76f5e2528ee2b27cf3bcccaa274a2c95ac494
\u2199,55669391635e67a6ee3420578e3fc4c03e69d9fe30377f0d24854418977c1c
\u23E9,9b718abe1024762c1c5225c9b3cf943a014f54dd8d4d464a2d61f098c07d9e
\u23EA,ed707db46a5acbfebf61239536d25648134bb43b65c16716ba329c6dbf412
\u23F4,3162d42f4dba35488f4f66d673635bfc5619bdd513d02b4cc74f05ec8e956
\u23F5,b813633bd60152d9df54b3d9d573a8bc36548b72dc1a30fb4cb9ec256d68ae
\u2640,34c0410d60fd41c69fc8b3c5f66800a9e43352c301cdf80a220f66ba3c7a6cad
\u2642,43fac6879f83eeab6db28d8e29ca8657a9834c8c06a03a39bc5493e5b0676436
\u2648,a6883246f9a54556c1ef0f14b2786f0ffbdc037826b444f092c8f329d42ef46
\u2649,30c4d4a509185f7ad3c5273dc29e3c2eb46da276f3494f2d60826d2fdb49c9d0
\u264A,7c01cbe8539fe716cbce6c2b9237f495029356002a270ec272bdf13bbe021601
\u264B,96cd2f52274079e6de0138ef592eb20d0033c883005084232fc57e701d7bcf60
\u264C,17f3e59667db357271e77f2b3579bb4f9c3925f6103b2384585c10e4d3db2220
\u264D,375aba3d3760f79d776f0584595322fa22307897c27cd9f9540275e8529aa715
\u264E,7e502aa71f57caee69c43700e43cdaa71e2b4e90940629d5f6eb9c7cf17818a2
\u264F,e39c8b664e06f667f7e94ffdeb9e3218d66ad6d554587f9d344a89a25094b887
\u2650,710f61fe61821c8d7db8b25f992c8d3337baa5808f2b0ad3b5c2576e8f019497
\u2651,5415168c8c62d66f125d96c2733f2114cbe2e727753f975c680be3b441b75b79
\u2652,9feeda0e36af1aa848f93d5818df1db445d994b299caeaf4d4e1d7a9ad7b8a22
\u2653,aca6b663e053e48128e293a1348ffc4aeddf86635c87fb266bd37a20a5a75dd4
\u2665,4dfada67cb261410a24890ec74d1cb605517df1469c19bdc5fe3aa448877c621
\u266A,269ae2ca3d74c4505f78ce9af4c7bef03086100dbc309cbb5eb41bca0c35e9f8
\u2713,61fe74f64abd1a8147c1370fcf312292801bf4c371f1564d8904dc1b7be64dc8