" ",ebc37c9b37f4df36e4e50435fd41ecd6a7a711d11b91a6e507d285e8e85bd
!,d7b4320ba2a89eb2b61560da52aefbc2cdd2dc2dfbd57e1b698641c754112
"""",c376e491caf78b72374ea7ae5c448e8052d0a9472757cf98323f3f8565f5
#,7bc3ec80dd7993581c970ce4394a4b9da98821bce7754844a17d5fa384f354
$,9f262870866e361757ed8dcfabd103ebd64d5738455d0c929b266274e7c4c7dc
%,1cc034defbfeebc9d92d3285174e67da685832861e954d78f9cbada9d9526b
&,a92716c7dccd61823bc8c3dcd2f459c2f27a7ed213fb1637eaafd3ebe64f
',a482749c57a5c27805bac5fc93236813e9d8d915d7794e41ff21f68aabe10ac
(,2cc8dfae36b1b941b0d5ba4d5bd1f94a1018ace6b9907fcc2fdf6e9c7e56bd
),82548521445b5d7f6ccd506ba146aa52691360ef3ab93a3ad434d36d8169a4a5
+,5ff31431d64587ff6ef98c0675810681f8c13bf96f51d9cb07ed7852b2ffd1
",",2bd65071bb95e54744fb7f2fd14feaf90eda9d5b84168aed859e34ba0a21741
-,cd15b5d79bedadc145fa17cc36a2e0c9b088b4ee74f86ea588bd1ad8cdbd22
.,54ddd9a2a0b830b3ae3fbb7431e6e381358686d2627c9a54ef6f9d49d66e
/,15ab1f56ddf16c11205bcbadd72e0af8d873eacc8fdb55c8f15e6a81f71b8a
0,24581d3955e9acd513d28dd32257ae51ff7fd6df05b5f4b921f1deae49b2172
1,6d65ce83f1aa5b6e84f9b233595140d5b6beceb62b6d0c67d1a1d83625ffd
2,dd54d1f8fbf91b1e7f55f1bdb25e2e33baf6f46ad8afbe08ffe757d3075e3
3,21e4ea59b54cc99416bc9f624548ddac2a38eea6a2dbf6e4ccd83cec7ac969
4,8b527b24b5d2bcdc756f995d34eae579d7414b0a5f26c4ffa4a558ecaf6b7
5,84c8c3710da2559a291adc39629e9ccea31ca9d3d3586bfea6e6e06124b3c
6,e2113c604a22b224fbd3597f904a7f9227a7c1ae53439c96994bfa23b52eb
7,24bde79f84fc5f3f1fbc5bc01071066bd20cd263a1654d64d60d84248ba9cd
8,f2ee1371d8f0f5a8b759c291863d704adc421ad519f17462b87704dbf1c78a4
9,4378f2ed773cd6b2551819218bff87c374a4b7d6f3b2c236787ea79367bf6d1c
:,8e5a69bac5597e643dd2d99e25b0edb33e98f621611be58c2f3972b6e0ceeec6
;,c947dfe74e734eab86b93a17d2773f8b57128f45d9dacb1a31568dca0e32
=,f303d6756179abbb61bad3a9f71cf03bf426141723488d4784a2ac610fac7
?,2370ca47b6173ab58e6a8018486e2f8baa8397ab614ae2e696849196baa7c
[,5d258fa6971d7adec6ac969732c0336034e27d581cdcb719d15bf735d6e5d3c
\,151d9ae0d35ec189b67859e1c28dd2df13333c9156ce22581c7b86cccd15a2
],81fc8629e2a1501173131dbc1fc0cb9d2972ad187df1c567e0951460257947
_,e1aa59b92daae06b6e60a087c0d99561b27721b96a8945efe438e31c59f4ef7
a,20afd777d557a207bac7aad8421fdf788d6685873c49515d55291e930699f
b,747899d511ba3a3bfe14541a6a4b77b033e44acd956896e7b6567429bf18d83c
c,eac0da9494b974bdbcb78861df96aa5aaa5da35c658721718ab26dc2ff67d87
d,8943124bf6d5792511bb8ac5a7978e236b74fc7fc1d39af955ecedf97ab4
e,918641016d1d7cb406a863dde81f6bbd30371cf46d8f1420cd5ec6cdb64ef7
f,3c4c399b5e7522a17d35eb53fe5eb767a3b38ea6e5cd33b4438020fc5a848a
g,a7ca8b9c7169a743f82e8e9fd68f11c0f31070a53c92863884e673137fbaf1
h,41595773048de9c411896fae9ba9d48d55b71677199701064984b42cd2a17d8
i,6e5dc3d67d7cc47ee95c20c4202ecd91d91dc63660d8144f81628881d7fde2
j,27b38b21528f2c463a48ed5c8937f85dd16cb98bf96042897948e74b7cc631
k,abe3ea814dbc707a39272d6ae336c068844ead52c7b7d2ee1ba4d50bbd9
l,3bba9a55fee9cad05f1e947e6d475520fbe51137a532796135203ece3d269
m,4c1713d90ca5998716eaa7dd302f6c8d672595dcc6956c2e20e94184bae2
n,34ea15d10d167c355e941f98f8b5e1cf716d5dea7fafcc69f9bcdb52a8f34e
o,e8f47923861c275311ab69b03e2751224ff394e44e3b3c8db5225ff
p,4f5b409417ff2e777d5e83cecd2856d2ccc68dffdef940154e945ace6d9ccc
q,618c1061f62f98cfac3d7549b983c43f27c2da229ddc266f51677ca9337
r,c91d46f1844341bc94d1f8f4519d3f7c6e2fa718b664b935661a2782a670e2
s,3ed9d96c393e38a36b61aa3c859ede5eb744ef1e846d4f7d0ecbd6588a021
t,d23bae41d1333426b625e141d9d4806b6f4641d6754d7e19e4bbefa37fe513
u,f98edadf35c82be08cde43e52da8830f87f9288992088a699fd2ecc4be073
v,a86c97159cd658858d12b833d1671b84529e1f116d8be379d43824cb17963bb
w,3d31ceb43e3908928c0ce9ceeecf79b8d33c54faeba8d6174d80ac3641c3ba
x,6e8646bb76f0c6d03a637a9b4975b3a85276eb20d6f16bdb91866c8c3c8285c5
y,831d3df99578c79e0fd64b6115b6b44ed4dcab4a987be7c7e91baa61886e0eb
z,76157b9c101312838b128e71d55bfc9ad4e26b5919a73807b13466a76d5e0
{,c8a296b9556ed3fd3b9b9d8afd26cf3b8951a604e87f42b3919f440a39d2c2b
},e5e0b2359d12af225248ae8c144047936b8b2534668e34b781c15f5899
\u00A1,afa7f191cb959002a1fdf2c105e2fa61c2584a8c36be410f53104b9d284f20a2
\u00BF,2dc5ad68fb1f9935091becce3e8d23909b4431a08b6cbdb9407d7e4c203ab4b2
\u00E4,3c971aab3a348cdb799ef3e9893a07e22faf8a08484eb32838d68c9af30a520
\u00EB,3fd267891973f26c17d7ac69a2dfbd6b74ad9244311eba30d3f371789fd4
\u00F1,8436e13c716ad11b5ac5ac8c6af9a0612ff0c51eb6a8aa9b6653c18980e7e44e
\u00F6,1dc11338dde4fa4bc6a2c3f2901f18172b68b452efb828d611cc315d4784f7
\u00FC,b32c24356a84ded9e222ccfde245d7af868de24c16f1de6dc5227dc4a37d529
\u0431,db8a5adadb18aa96afbcc1c25c19840bc9b12c261515f5a6e26edd629e5c62
\u0433,ad8afacc4f6fa4958edcac9ff3941bd134587bead0339056b04a93a7a367f0
\u0434,e81bce69c636aa0c6ac64ca3701b7dc199ef7eafba3e31a4fc8f45cf30892e
\u0436,5f38bc79199bf1884eebf7313359a85bdcd77348db6a1ad31e16ff9daac81
\u0437,7c18aca0c2bc6945bcd87897bd4415db5ce27fae642bfd4997c3119ad77b7e1
\u0438,4149341d8922246b36611a794bc85e6f8c8e8e9993e379b8cc52fa469720d6
\u0439,3c8c9d1aa955468a15a89564afafa3cf630897ab09938a632b0367c6b38e78
\u043B,ff86cbf1d1b355e85371c9b6d81e31482b1f4af493a46796f27cc5ad322d7b
\u043F,8be110debf33db7418f4801b54e2731f22988f3c9ce5eea34e979d2997c21fa
\u0443,60ba8ba5209230a7185916dda96789d98c966f57bbca5a2a462625256ca3545e
\u0444,6e8654eb11b36a0cb8efa3ed6a51de9fc23938ff8e607a0182c9118d2fbf3
\u0446,cecafcf83ec118a7387e8995578e7cd75e4937e086e587caefeec4f4b7175e0
\u0447,5c8cc9fd19141af338a54338f2805b86edbf6f687669d1197755ff0f61c6d9
\u0448,db7ca772f4d9bdd7582c15eb4c5899b6b62c693d5d82549a2712819c947
\u0449,aeba40ba1099b3bcfa7f3a506ea5edc106bd2aeebc7d14eb1579e5c8d9f65
\u044A,4a8c4ec65873fa6fc37a37dd9a60a7d6a65be403162ff55c8a1b6af845a19
\u044B,a1f23b87219e67aef66db277c1676fb560e442bf6f44bcf507fe83b28298b58
\u044C,3b83b28a0767b196710cc7dfdd9bf23cac12a4ba44a4d795235dc926f77911d
\u044D,14871c22c8d8339c3124f1f08a12beaa38c8bb78f0ef20426c4ae6f8681b27d8
\u044E,2f439651253421993ac04de9abafd312cd5df6165eff79312f5a3eff965d9b
\u044F,36751dd3b4308311511b9b9b91747dd8e64958e34beaf13e07fccd7f1359839
\u2190,8550b7f74e9ed7633aa274ea30cc3d2e87abb36d4d1f4ca608cd44590cce0b
\u2191,5da027477197c6fd7ad33014546de392b4a51c634ea68c8b7bcc0131c83e3f
\u2192,96339ff2e5342ba18bdc48a99cca65d123ce781d878272f9d964ead3b8ad370
\u2193,ff7416ce9e826e4899b284bb0ab94843a8f7586e52b71fc3125e0286f926a
\u2196,3c24eca208f7dd6eeedcb8b81a42fdcd86c11a2eb377febcd6d5450ad6bb0
\u2197,bf6b85f626444dbd5bddf7a521fe52748fe43564e03fbd35b6b5e797de942d
\u2198,65a3e52856574a7c83cd118b1a1360a7a8be85c8a4c6f86e068dc4f4b506b66
\u2199,33658f9ed2145ef8323ec8dc2688197c58964510f3d29939238ce1b6e45af0ff
\u23E9,77b733e0ba964e8157476f3353426a87ceab3dbc3fb4bddaa2d57886df37ba6
\u23EA,4a808a6c8d97dda2bd5d84642e1714c781294e9172b7c375cd9cfcf3c54f2ba
\u23F4,754aaab39764641ff8627932d2fe1a4ccced96537508d4abc6cd5fbbb87913
\u23F5,61d0f82a2a4cdd85f79f4d9d9798f9c3a5bccbe9c7f2e27c5fc836651a8f3f45
\u2640,a8818aff43597c163777aedc36e743983121493ba3368ee64cefca01c55ab68f
\u2642,6f9eb19ae50ba6d42fa00985bf803ee115c7ac17b00f8bdd1b1d47d0c8b9a401
\u2648,da10836a81c9445357b1918687f1dbca1d83a692641dc4d37fc3450112b6d60c
\u2649,9b7c94bfac7d271641e3d7737e4c739de3b5647d4d8bc475cffc6ae7bb768351
\u264A,58ef980f1abcdfca4111976073f6c4b001153ba1456daa65d85a22d58d841fa0
\u264B,b429642b7be7f504e5934cc37d0c8ad41d3d269493ac32dd393026eaf501a41f
\u264C,91e68589fcaacdabdb922b2778d65e93a92f4a4545dc4f80069d0b5dc365d435
\u264D,b0a7c5d7d975c418d908c18a73da090993939de130c02255a7007111a78e5c01
\u264E,ac6868113c77b60955d3710264764e22129be89cdbf3501e1f4bec77256e5a2e
\u264F,eb990ac2aa036ddf2b87c1b856eb1057ae7dca42c0a943e44ba9ac71a813c62d
\u2650,41ad786891870838575180acd3b8230ffc1198e42642366cbc8f9b775ec333f0
\u2651,2f3f6b281354983f93623846707680aed5e07ef138c32009800672aa777c233
\u2652,f7a03a9ae85be8dfae02ed6f75bb3bccf1557c7d40efe0b6b344a00cf1957b70
\u2653,18aa499fe3fcb5452989db7c177cc1ae5e4723e499f4a32e1b46af5bb2a53360
\u2665,78432607e86b02ea3caaf9357066ca3f5e4edeef7be9edcbb5e45711c6557
\u266A,8eb8bd18228493f0f139040f3bcef187abfa8217631d9e184f499bc6791878b1
\u2713,4312ca4632def5ffaf2eb0d9d7cc7b55a50c4e3920d90372aab140781f5dfbc4