" ",c723704a9d5910b9cd505dc99c779bf50379cb84745cc719e9f784dd8c
!,7b87d2252cac1aa15df325998b8ec82ef9109b6c567610afac0ecda513f61
"""",d584cf7d79f1aeb2554c1bfd46e6b78ca6ae3aa2a2132346a410f15e426f31
#,b7dc3e29a0923e52ecee6b4c9d533a79e74bb6bed541b495a13abd359627653
$,6f38d61203e4e6a2c9248030609efb577b4fe9ef786ca40db943f53f480ae688
%,1fe1972f2cfa4d30dc2f34e8d215358c0c57432a55f6c37ad91e0dd44191a
&,e2b8b315f8716a31f32d543874a37f94cff5dafd2a58656ff3a9e8280ec49c7
',46e3e9ef4a23a173651951bdad73f44bcfa1c8bf6b766c1057c3415aefb883
(,f59875a9919ff68e88b31424826ecf8e29e16b5c2f3b21b3bdcd73588aed1e
),39a9a09f60d599d5126eab60c4f4fe311eb50237dae0f256f77bad8e22ea21
+,47a0fc6dcf739c11fece43cdd184dea791cf757bf7bd91536fdbc96fa47acfb
",",dccb70aa464958bac751645dbac7b4ff3ead6b9740bcb1f71ae2cc80b3ae
-,9d6b1293db729d010f534ce1361bbc55ae5a8c8f83a1947afe7a86732efc2
.,671e57f1ecd46ed8b8d937ee231767889da94f86770a8f2281cfcf53411f5cc
/,cdf07aafe1a1fbe7804834e8d617cbdfc66493a941c11d87fb7141e57897f83
0,1f886d9c40ef7f50c238824792c41fbfb54f665f159bf1bcb0b27b3ead373b
1,a0a19e23d21f2db063cc55e99ae874dc8b23be779be34e52e7c7b9a25
2,cc596a41daea51be2e9fec7de2d89068e2fa61c9d57a8bdde44b55937b6037
3,b85d4fda56bfeb85124460ff72b251dca8d1deb6578070d612b2d3adbf5a8
4,3852a25fe69ca86fb982fb3cc7ac9793f7356b50b92cb0e193d6b4632a9bd629
5,74ee7d954eb14a5ccd346266231bf9a6716527b59bbcd7956cef04a9d9b
6,2682a3ae948374e037e3d7dd687d59d185dd2cc8fc09dfeb42f98f8d259e5c3
7,4ea30c24c60b3bc1af658ef661b771c48d5b9c9e28188cf9de9f832422e510
8,66abafd023f230e4485aaf26e19368f5980d4f14a59fcc6d11a4466994892
9,8d7910e10334f890a625483ac0c824b5e4a1a4b15a956327a3e3ae458d9ea4
:,b71b5ca3a61bef29165eb1266b405ac2591572c16a4b39cb36edaf46c86c088
;,a19a11febff973044629b90aa25fbfe8665d22807f26e83e3e968edf0ac1
=,303082f033f9724cb22fe27d0de4975090335641eee5d8d927adf5a8b67f
?,fc271052719ef64079ee8c1498951238a74dac4c27b95640db6fbddc2d6b5b6e
[,cb823732cf64a87bb65350cd79345cb4b392432f4cf0897c86c6452c2d69f1
\,c568c9b953ec3e3217c4d2b1cbdd27f354ee0be8da884ee75a82fc4b04d5f39
],d2892217ce8fa84128abe264b5e71d7ee7e6a9d58238258ef7d2efdc347
_,a242302ebd655f6d429c1e4aede21b7f5c4db68a4045ebaec17633a050a1a1
a,42cd5a1b5288caaa21a6acd4c98ceafd4c1588c8b2026c88b70d3c154d39bab
b,bd5031e87139a81768e14fd3f0a47a67213f062546fa17a8a86222be1978a3f
c,2d3b2e3e9954f822b43fe5f915099e0a6caaa81f791222b5803d4145a85170
d,da6a7d1b7629193942f8e146c6d1d2db191d27f811d21e29a2e4cfbabda088
e,bf3cf8dd82f3819831bda6716540eddc2d7153c85bcc78e4325956504f675f
f,76ef83e6cab19cd23807ef206d1ca66e41baa3a0fa5bdc9ea44bbe96d186b
g,c68dfbc95adb4f648c36164a15d68ef5f9c7697d86f87213c7d7a645577aa66
h,a8d0c67baa725a1e41bab30805777e732bb2ae6e934f8735cc407875d64ccb
i,9769e2c134ee5fc6daefe412e4af3d57df9dbb3caacd8e36e599979ec1ac4
j,9c342719a038268e36953aaaeb73eda82de681b23a47891a3ffe7fbe540a312
k,8812ec3e3bffb3e58e9315966a55a7441488de73d983c582b2aa3668f84b683
l,6adcf96106613a33d3d2a464adb1b1a5c5e0cb11dce72926b599943e363df
m,7f8334151c234f41647113be3eadf287d1817115bac9445ffbbbe9cb2b284b0
n,bc4d75b99faec5e12ad2f92da61ac492626e505b6a84f6d69bbf2499e7b84427
o,7bff8211e3d9d16b4ca2c20cd2a6f99cce8fe4d98ef5ca5516f51f25cf1c31
p,13f5f9fdf0b3d5b84783db79d21c8c34208eaa2865d58ac733f4228f156393
q,efb1e147db9811cc8da47d9996c2c3d294c82ed9461267d5b3861eecc517f68
r,339886a914819364859837024c4bcfa853d86bd82be5417d68c057b8433
s,f38d2759569d515d2454d4a7891a94cc63ddfe72d03bfdf76f1d4277d590
t,ca6e53bfb7c13fedbdfe89676f81fc2ca7974634a684141ad1f5164f0edf4a2
u,3326846935a96261f44f448580891db99dfb8119591ce5b61d3046a3a380d3
v,23ac34185bcee626dd9bc966be6498438fbfa7541c862ac716ffef9fd185
w,695a23ef2542f9dd1d11cfdae618e1af1dd82a9b3f7a267ab288be3295492ac
x,391d6eda83ed2c24dcdccb1e33df3694eee397a57012255bfc56a3c244bcc474
y,89ff8c744950729f58cb4e66dc68eaf62d0106f8a531529133bed1d55e3
z,705f18d416f68e9bd19d55df9fa742edfbf1a525c8e29f659ae833af217d535
{,c8671198382de93e1d3c7834de86704a6ecc791419f0ddb49a41a9608ad472
},8133a423606694da6c91a84ea66d49efc3a23f73fa8af8cc1fe2983fe8bb5d3
\u00A1,e6d554ad5e0dc601efbb925d13424ccea532c831a90b9ca73d5e93ab6dbc5daf
\u00BF,f882ccd75e6b8e5ef360055c252123cb26e687c35c0acaf79efde869e53f070a
\u00E4,aa4d2dffc6af9612b424bad7d8cbf7c8939e0852138676d8e251c214e7224f2
\u00EB,b72b1826aae4f1eec5af696aa54a5485482ba952d5a168d45cea0f9cbf4ef3a
\u00F1,a086a3c406347f8b099c05a5acbf9b395b7d075a4478ccec43e77ed0a5bd31f2
\u00F6,4b17935bb94492f89b5e26389eff8fee4ea9b8885d556c0429ae33de3bf8b74
\u00FC,3acb5a1c70b8e313425a2fe7e9f22d74a94455c4bab9f4f61f21ed1cf437830
\u0431,a8d311478f436e3a3a3d8ed28061668edbbc942ec676394542522f80496c8c
\u0433,f3ac51477a8d42714c256925f436f2c4d58a9529ce8c16a1e37f265e5c489a
\u0434,5d68bd8dc3b2a83f74080caf2fbd38722ad3746408b6d11a6bb77571d46fc67
\u0436,c1c3d543a85250859f957933588f44b12c5d1e0f0643359ebb80ab2bb9377d
\u0437,7f474384572c785f77c9c7206eadf2dab0b7a28cac3ab5084e47c655e1f936
\u0438,6840ae4e44bcc992e8350961c3765e1b1b22f4a4f54c87b73341d1239b3c6
\u0439,f7eca1d5e131b62294ac2c4b5e54d5efebf9f8e94bd6698ee841ed6471ea67fa
\u043B,6bfc1778cd72823f4d91b66c9ec59abb564eac96cef8e110d4879d8f6152289c
\u043F,1c725a7d077231468057d0a3fd6bb9567f84b65523da93f93b31e96a0275e
\u0443,e0b62a3ab191e62db41111e3f3404818561d95fc18968bc6b4a5d0551cc740e8
\u0444,cc3366cc7abe89387e2fe6a8161a19ba212588428c89cebc9951979a81164ed
\u0446,eafdad7546273d3551d6edb9e9f9375296310d3e26b823df1f0d6e46fc3faa2
\u0447,e8ed0786c948dce859142fc234c11bfadabb6363d24b71dd5dd4198adc1b8
\u0448,6d7eed89e3d03fc3cc86aaf7342a7dbb279bc38e21df81d7786c5e21b7397ae
\u0449,b257d6e241f7a77b4f14edd17472b8c0ecf8cb5613271bfc77374b978c7f5
\u044A,2fe8196034e9996a2f260368769c5f049b020ecfc96c4586a396705caf68b
\u044B,f8fc2d43a86545a33a374276df6212a4be2f4f57ac5bac0f1ae8849b660d7
\u044C,fd8533d13cde1c2184912b07b859875295bcd30eb45427e92f3c6446be6f853
\u044D,756bb140265c67ab431c6ad16aabfdf7e5b468f52d1102a6f4fc13c6af4f5
\u044E,d4bb80343a4a24e0ae421f3ca4df2bb40c367244ad331984024e013e16dc457
\u044F,dd22892c789928f45ebb4d56f37848927cbf8c15ed5b8e6850c192604af3c46c
\u2190,5f133e91919db0acefdc272d67fd87b4be88dc44a958958824474e21e06d53e6
\u2191,a99aaf2456a6122de8f6b62683f2bc2eed9abb81fd5bea1b4c23a58156b669
\u2192,e3fc52264d8ad9e654f415bef01a23947edbccccf649373289bea4d149541f70
\u2193,3912d45b1c78cc22452723ee66ba2d15777cc288568d6c1b62a545b29c7187
\u2196,f2eeefd986ad106434c64fac669f70ef88dc6bb6c82cbd7fa8d66436973db1ad
\u2197,aacacb836c5e428b49b5d224cab22828efe2f6c704f759364d71c656e301420
\u2198,3667d141c41b05b74bb146eec22b21c5fea3367efdb6c7b5bfb5ef8a9e34aa2
\u2199,a7dd76ab3f9c645196e2458564d8556ad59fd32725ed4888c01e307a37aeb
\u23E9,b54fabb1664b8b4d8db2889476c6feddbb4505eba42878c653a5d793f719b16
\u23EA,4c301a17c955807d89f9c72a19207d1393b8c58c4e6e420f714f696a87fdd
\u23F4,48348aa77f9fb2b91eef662b5c81b5ca335ddee1b905f3a8b92095d0a1f141
\u23F5,17b03b71d3f86220ef122f9831a726eb2b283319c7b62e7dcd2d64d9682
\u2640,63c3b885c18b79c1f4cb096a5729d58bf83b2a3b2b5fb6b94503974875ca69da
\u2642,6102d2f24cbce43302646498d23dc4f88de2a11d89683088994d29dfdcf175b9
\u2648,7871ea1ea676307c65825ed31c10122e06cfd0caab524f9dceb7a6f51e6b6ef7
\u2649,acd0763650636b36e8fc86cb836f8b0eb0e721bc8ef52d02195d10cc862cc38
\u264A,ddecfda367081529b506a933a26d9a72116524208ac271ef58dd683320aaed2d
\u264B,a011e7516daac5f2320f67b97ad5304f9066f86407b58a530f80f8fc97b3e86e
\u264C,e0500f5e2502ac0433b211eb350b2dff93338360a4825a765d7e55b56c58c8ee
\u264D,8729659d4d03da56dd991852f6c6b2c99f4f659ecca9a68bc8c849b18a01e556
\u264E,6d8612211baa7526674ef810af341c48fe1a9033abb8572639da2157842e3e42
\u264F,716fdb74f4ead342eb4cd891e9f1ce967d76cfb6d0ac990561ca92584657807
\u2650,40e75be2fef183e90009c0d2e2dfd829b25030fca419951e395ca9562e647e63
\u2651,1b334c50269b9b9e36611c1b3e64647e77caccbd2a938289e354866d744b6c57
\u2652,280247bf10576b4d12f69072990aacc67d2dc9e791c4dc07d377aee9bf2540ec
\u2653,50ff20a5b13a8ed5d4d64d225eca7fefd10733b722fc0ef7e79c639474f9f2be
\u2665,09a52cb50992d83c5599fd6e41a6ce99cf7f1e6203611963dc2c2fda0b55583
\u266A,3919fbd1df48c322c1305bb1f8eab9674c21844a0493a5535d94caba1eca3c1d
\u2713,37b62d275d87c09ce10acbccf34c4ba0b5f135d643dc537da1f1df355a225e82