" ",74114e2c17ed202309863b5f64e3d18b86ccf9ca3dbbea2b934ad6a5aaaf9d83
!,3c9b69a46b2233fa339a2a8f8c0e15936371ac981a0b27875782e1219b5273e0
"""",e27d1b23cf1f0608739e3d4aa49f832bd4f13f913046e28bb785d4b3035a55ac
#,cab3d30e2dc40f7de5293eabc69a2cf025651eaaad282bf7561afd86d2e51132
$,44e27d3a3520623e0782703a83b881408e56c5fa67f1a74605ae22a04faf56f1
%,bcd43e0f0aafd060d4c429a4ae0e7214ff2a5cb17657f5bfc8b0d92faa41b887
&,ab186378bab2c10cc4a2c36962e6f3f12e33c8b1f503f86895df36003d467384
',587e350499a7103567c0f0dc3121d751c339112889a90a7e8a67348a807e74fb
(,9e413d7db559acb2b3ae1d3b79681bfc1a1893a1d7e69fd13db5ab7cf18105d9
),486193eb917d42b84cdaea535d9be0813b387e70cd9301ca498f2d31d8089ff5
+,edbf1a096cf2dd6167be9aeb0f1eeb88700dffc0bc28be329ccc5cb61877918c
",",2cdb157168af756faab96cb474adc987346d3afa3040e687801070bca560a9d5
-,4a13fe355de5c74dc900ec80850134cf65669591b7bd1ae551e51289d10c0002
.,10d37954899a74be71f6d6458b30b44ebf7f0bf8790385e4471ebe9d5aa9054f
/,3d7dfb54c8bd8f580a6572ebe0e0e6302f6dfedc0dd65addd1ba73331de9e10d
0,5d2410f8b8a9bff35e0b9fdcdece552c6e618190c7b2e62b765750d164e61585
1,15f83647f41462f43c008a18729b951a6a30fa7dc7f2f203ce1277a88a32fbf6
2,e3e16a437b5925fd379c3b39f5d58c0117e5d18839275805807531173ab7ab7b
3,9034fd10dcf4fe1a7b7ba3c5f8e9416056ca2dcf96ded0e23c04efb63d42f0ed
4,35682ea3333f6e786329cd8b1536b1496f8b8c1afa1a1f410c42d71b58baa399
5,4a3f1736eea1f83766e3b917e1781e4d596b7f347cffb97774ea60124d4bee03
6,da2fce6610c3fddc61c3ba054a8853ff38194e775475c4f8d3911ca036a0a196
7,d5a9af0d51f6b7835ad84a4b5b35780e18c25e840595d2305ed8a571d1f04380
8,8a79a8874eba3ce3340029afc620d537cc56418a64ee94c06ae8aef09695c181
9,7f9809a21b4c40ac4eeb42686fe36e90891e40c82ba523b54a861e48e794885d
:,8faf5f3c9e93c339e6e730390ba3c79b93e0f8360503c431245e72e84870e7ee
;,ae93d713250a24e1f98a00d3a235ce1f51521b6472f43a517d3ece50cf39a9b0
=,787db9658e3bdcf49c706d84700971c5b01a2ebc3bee345f92b27dadc513d49a
?,1b3b844684dab37b2e9a6e7f69b7903128c679bec03ee9d26e804ad9c79c52b5
[,205f44837f761ea8c90e5b4085ce4bdcae6940b0a87c4d2c0b8788ab5bac0dbb
\,7af8c66b8c6095dc5f0206f9075e8915b912a3ea53e9b9e5580047ebc9d56376
],15dc2c621aefc69d013a30526d0ccc6d23ab1c4fb58d13a871f70ee1171d3c2a
_,b22cf6fd09a62f70598e42e5c88d18aaf7a860ebb881d3c3b0814e8a97c9ee1e
a,d66e31e4a1cfaf61b0d2c3c7959f9d4a9f2b6be3adae9428d766d26077a79397
b,3740cd8c99c4734d399259f7a34acd06b9077ffeba2a3a3d67fc029ac1202f39
c,4eb6520483679acb0c99e18bc07570384f270b790b51f1cea084ac059bb421da
d,b4eff0cd1e0183874053279d4c03be749e3d65509567270645366b104d9b9f34
e,efc9329221c36f6d387181e2662a884e711b629ed4ee7aadff24167221e9610f
f,36fd688f06f62aaa51b7a7204fb9bf2f420953b1dab0247108992eb5f2df0183
g,d792ff1b63ff64545d967c8ffbbc0a670ee51219f0c9f8960e7d053ebbc1168d
h,8a262a52fa3f9b6b7ba610e577947dcc5abba937c21f850338660c2e4ca0abf4
i,391f6ec8c0f3a03b2c95717d06f32c84151fdbe2dbad819d5774e148d0a326d0
j,91db81ecd85d741f28bf119de6305b1d92715bea0845ac377e2b1a2d9d4d9b79
k,1a783f2d065478e5f4bd3bb967c85bd579eacb845d17ea392cfad451214e8278
l,c6dff51d0298adcf30d2241c44fc9cdb2c3b83fd48b3a1a65fb92d75341d0d76
m,a50fc14abf0b891eaaccbe18661f711ef7cabc691fd603330db589a74f862723
n,ce5638c06bc67a485c538ebb3dc234bb812745e1c6a27f492a275a338d75133c
o,11044a7a108a221a82af56201ec08da72df3213bad12b6d3b51c23064163160
p,499964f084db8743846b860abb25aff167d773c09eeaf2aa7608994cbe5d28a5
q,e34372a7e0b124a843e74566b0aa64f660599c0e7b964e4e9af0fc7b6b239d2f
r,2dedc7491efd87cec2e9482b3ba1bf5f14386fdbeda9ade60e2e8204817d20e
s,c0849ec5b7f8e6a5369d5ea716c110dc292e99528ef5aa4e4f8ed27528fbe276
t,eece4cb3480e74e035d2c4baaef0eeca54b40d689de326aa4d8ac1d2f4f4372
u,cb7f58e8a76f07439e1b1b30e1d21bcda003dab505e4a2f94d7cc8432be706e9
v,5f3262bf28e67b60110d92bbb62621e336ac830e829cd98b1123edc5d153ec2a
w,21e92d72b17fe6b65383dcabdd87c369bd645e19287c4a97cd90cbc37667be14
x,5ea066abbc14102ceca350fcb31dea5a758725e8fa8bc8a238849cb119173e5a
y,7a7bbc8bf2394d0ef23a83689b2e66a92b96bc6226cc1540bbf6affb9281f515
z,75acf92db0f34fafc4e8a80ff2e130f0378cdf56631b58148b2f1377cd867519
{,51e85b8b47f647ae775c0b3a6fd877a05e164051885444824338b176a6eb9ce7
},5f1c4bb893e559252d7e46f23881a512d56a93cf70d7ab2fdb97163932ce0312
\u00A1,99e65d820a67708a49c4b913407a2b4eaded47d777f051013713bdac8815d125
\u00BF,d89a0e614a8ce3f15446cd07b7230a5eb09743a4fa2d5d4a9e00b42eb17a7295
\u00E4,a46d4857a1eab770eb8545657871e5dc9b6cb38f4fd8b9d2665a1c478024113d
\u00EB,eab56def763f6ff23ec617043a9769d36ba601f220a4df31327378b97e6a37d6
\u00F1,6ca2f9f0d3689cd5172645990aba9482338d37bc70afa002235e8f378c45d5d9
\u00F6,46dabff50ae5737781ee829126254c9f14f7493d663d8c9370fdedba5edb6436
\u00FC,299a2172d88db9e54e6f486878ab28b906c72271207a643fe04be55144f05a3d
\u0431,5bb49e417e69ddc2db715b04f2c4cc1f00f1de95461925ba2bac7e0235d62ac9
\u0433,eff912331d56c5878346a293ce5205bfa1b5b642f95ca522056386d03e71aae3
\u0434,372cb8f37f763cf1889d5b11299ed938cf6d835abaf333a5ad22c2024f9499d4
\u0436,38ee71cb87400d5ea7339eae2ec146b6087c9014cfbbd58ebfc58011e018e1ec
\u0437,f9984d024eebb135dc8c9948a2f67d2b86c2c0d089c8f3d6ed0362840a412e65
\u0438,ccbc55096ce96ff3860582d801387883cc5bc48bd9365b61c8c7730aa7e9e164
\u0439,5dbb87bd721ce45b8574fdf119d11947afa6d838e9793e265f1f01aa29010e53
\u043B,e242990482b4294d5f2874abb5db996a122c37fb36fb4f2975a2c94aeac005d3
\u043F,ed4f587896af34d5dad947725c975efee22b9d8202df905c66498611526f70d7
\u0443,fd6583ee852b2212d679b73c22d09e4483fa755b17f3c873171e22c9ae2ca9ef
\u0444,6c2dcbc56c9eb70930bf24deaf15a92835f68b678844b689424e22500201550d
\u0446,8764b82e4a481862459f6140bf185956572e3360507de16445d4fdce8e720bf0
\u0447,c6811219f0b14f4fd3c72a259ec0c3cf3fc2725fb85975b6764f8066e174e72
\u0448,42b9b19e9528f62407f1b5bd71f79a2c354ba50237c08c5b2ed8c2d3226d1887
\u0449,ef7e4e4972da917b805b890f3dc750aa7e73057c7c2d5cc09fa1df1fdf87cf40
\u044A,8ffb44852161b609126e66024620b8f0e06c4c163198d27492d8b6d35dff9017
\u044B,b04de49db1f172d55a7ca1f40cb1a4c275931ce82fd272f1890eab2780e0a873
\u044C,52f5460b6f8e91eb30ffe7f465efb76d158818e7797fbddc02399e70af289a28
\u044D,a398b6c0f0dd1aac44ff2a1f873894d95a966da7557167be683b7d0f50b844b8
\u044E,35237c8fbf359bd93a748f5488b495fe1ee4836296732789a59bf5f6319e8af4
\u044F,8f469718b8a65a1d5b70d4a1b4396817aa23ab53e6f2b505d5326dccc35049b3
\u2190,3bd169f41860a305558cb5b7072c733f5a42576b48007ad09aa5715ad7e76d99
\u2191,1560cde883c652708664bd49f902827b29eee37727a7fd01a806e04854eb8383
\u2192,68da84cb1bf63d50688df55f5159d8683361fd93b14e1e90463adaf0d8559529
\u2193,8860a18a33d8e3aa640f62a647043d52342385daa6f62a9c78d394b58a6e0674
\u2196,d8d77c66bccce574ce70689b669887556b5c0ae6c322d9e2dda584b9eb7e6ea4
\u2197,305d60988913b868b1a8f1e64cfe81665da116eac75540195e94df8aad86122
\u2198,139f76b5998c9791b66cd11c50bae1eecffbc76bd0ac2e728977c8e716d24fb
\u2199,6e40a96c99e7bcbcc66ce83238553327c745dbf6874bf3b812d69a9bd693974c
\u23E9,753847bcfcf7c4f0fe5a6110d93c8e9932935d521d72d45a8d894a0952878c
\u23EA,503e8c6e62f9f0ac9bb383f86908e690334f544c3bf6251d902e17ce294f95ad
\u23F4,e94a86ad1962e2c86cd6009c839ab150b7f6dd4f5dabebe82e9060c658011cc0
\u23F5,9c8e3b07e357ac6003eba3ab1634204779b0bee4d756777f89538f4b16d3d093
\u2640,f5a08c7fb339a64affc4c96d4c1d1fc1161f2806c4f3d03a9ddccddd2ba4d816
\u2642,fd0287ed468a2cf59856dec3a258bf092a6c1721c134cddbdfda033df9392b70
\u2648,c382c124c4aadb3cb18a8c2eaab6c3ca1180422ff7179e509acecb20221192e5
\u2649,803abfcebe2f48b6d4b0ff650fe4093224d8830d035ab10fabb133110e7b0676
\u264A,d9015d6987c842362516638d5d1fcacb087f80c936ec9ba4577a31583bbecb9e
\u264B,7ddaaa1cb6d40091f1b39939b9c615ae79ced7c94518c8214ab4dad7e9aa1d66
\u264C,272aa740f0aae49b322c2b0d1ceb3d9120a1306ceb59013bcbc64eb0bb2e3768
\u264D,b515b0d1a4a9a230549651e6245b2b58539eeece49b686ebe075f392f996c0d3
\u264E,37d2268186ee85f0e6fd98b9cafe82e83e8917750069b60e370d6fa372bcb8ef
\u264F,80d3b59440f6705c31c495c1aa3f92c6e71395ea06d052f4cc0eaec96c8c7d
\u2650,a41b75a59f612643ddf62de932a4e4bd5b087b992d051ea5936e9c8cbcf8d5d2
\u2651,ab945868bf9c789de1f9a6cb4d21de11d2ce705944cf73f4e383560b5bfffb7c
\u2652,bce3753f5da820cdadf9f96e4f05cd8fce3ffe7a7a69df3f70005cd956886e32
\u2653,8715c70b9db5f820d1e440fff2aa3fef022c27e3c2d60da74bfe2e4f97187cc0
\u2665,c24af840ce406f905cf07d371284291c15886b6568bcdaa742345a45577d9739
\u266A,d41dfb301c0470187f907814f5943ebdb8b6a1278333369aa35299ce39409277
\u2713,57cc940147aed0576bc4d3fa591a8cb5fef09c57d00da5d8c2cdd840022fedc4