" ",97c2144fdcb55c3fc1bf1de51cabdf52c3883bcb578923226beb0d85cb2d980
!,b8ea57c7551c6ab33b8fed354b43df523f1e357c4b4f551143c34ddeac5b6c8d
"""",8c4114b6d3d8c34818b425c9fb9541f510f37caa4aee587066cbd9e83541aa13
#,99b2bd29b9f36e265417d8d18745149259aad4c8fb5556bd53dc23d63a735a2
$,8ba7d49233eac0c4f664967adb27fde1d2dc67937cf7d4ecf854a96ba18f5b0c
%,a9f27d54ec5552c2ed8f8e1917e8a21cb98814cbb4bc3643c2f561f9e1e69f
&,772aba4adac466ae19e432a915e547bdce17401fa5d1859ec84ecd463b31b
',a0c411995a290f390471e22e17b1b316ca977f50dcacbb93e94d84564756
(,674153bb6a3fa8979a889f99aa0fc84ba9f427ff0d8e487f76fa6c8831d18e9
),9c60e240cda0d9bb315b385119e5a9482e885827baf018e1c03b6a6d612d3f
+,60b55f74681c68283a1c1ce51f1c83b52e2971c91ee34efcb598df3990a7e7
",",c3885a63453782c915ed6d894cf1d94318740f6a156d6ea9d39524ba5d05f65
-,c3e4b533e4ba2dff7c0fa90f67e8bef36428b6cb06c45262631b0b25db85b
.,323e619dcb7511cdc252a5dca8565b19d952ac9f82d467e66c52242f9cd88fa
/,57b1791bdc46d8a5c51729e8982fd439bb40513f64b5babee93294efc1c7
0,3f09018f46f349e553446946a38649fcfcf9fdfd62916aec33ebca96bb21b5
1,ca516fbae16058f251aef9a68d3078549f48f6d5b683f19cf5a1745217d72cc
2,4698add39cf9e4ea92d42fadefdec3be8a7dafa11fb359de752e9f54aecedc9a
3,fd9e4cd5e1b9f3c8d6ca5a1bf45d86edd1d51e535dbf855fe9d2f5d4cffcd2
4,f2a3d53898141c58d5acbcfc87469a87d48c5c1fc82fb4e72f7015a3648058
5,d1fe36c4104247c87ebfd358ae6ca7809b61affd6245fa984069275d1cba763
6,3ab4da2358b7b0e8980d03bdb64399efb4418763aaf89afb0434535637f0a1
7,297712ba32496c9e82b20cc7d16e168b035b6f89f3df014324e4d7c365db3fb
8,abc0fda9fa1d9847a3b146454ad6737ad1be48bdaa94324426eca0918512d
9,d6abc61dcaefbd52d9689c0697c24c7ec4bc1afb56b8b3755e6154b24a5d8ba
:,2ffcc318c212dc749b599755e7697d492382993c07de3f8e54fe8fc7ddd1e
;,3690f391822451f064c9ec2aa66e60249dc8566fcdcd5acea72b8168274f
=,d773155306c9d2d58b149673951cbc6666aef87b8f873538fc85745f01b51
?,bc8ea1f51f253ff5142ca11ae45193a4ad8c3ab5e9c6eec8ba7a4fcb7bac40
[,9326db518441ff329be356d651952c3362ea232ae6435c9993f8fdf62f3ca5f
\,40543b6ca17d2e4d132e43e77c92766cfbc61f89b72d8fb853f902ae1dd7b0
],8745b1f41e7522327150555dcb97e17068ee63fb3fd0943fb3adb320ab401deb
_,461c8febcac21b9f63d87f9fd933589fe6468e93aa81cfcf5e52a4322e16e6
a,4e41748121626f22ae16a4c664c7301a9f8ea591bf4d29888957682a9fdaf
b,42b9e16e26206a709bf07c2493ca4c5d24f5675654fc130d1d5ec5e8c5be5
c,62a5876113322f39aa2bbef4bd6b79ec6b52a97bb6fab674bddbd7b6eab3ba
d,fa661419de49ff4a2c97b27f868014fbdaeb8dd7f4392777830b2714caafd1f
e,1aeef88e2c928b466c6ed5deaa4e1975a9436c2b1b498f9f7cbf92a9b599a6
f,cd9d6e96b5b92ffcaf47dd1caf61d3f6e842913fc88849f3de548beed71fa8
g,220c3b2bbfa1ed3ac8c35b3dd38247456563c92acefd5926b125ccc67d7d5fd
h,7ba9c33a95fa1e519f85a41ca56799384db41fe7e1d7a791751ece9bbae5d27f
i,5c99dfb2704e1bd6e7facfb43b3e6fbabaf16ebc7e1fab07417a6c464e1d
j,781efaa9bc3b60747a750a648b198787f186eb93859aea52031d5a8c881075
k,35dc6d513cf1633372f41caa0261396e6cc6720e059308c679d44b47ed6
l,d4affa455b7f58217de8acbbd9201c9ea87c134aa35625494f5d3f65ce946
m,c8dec4666b4c67d8759714c85714be6ea4e39ff9628849f98b514edf1c3e4680
n,da221e4f96bee6261752396a3265ffa4dedf8ff4839abd14f49edee1e53092
o,cbb1d17cebc5f0ecc987b80efc03e32ecb1cb40dbc5bce2faf3e60542a40
p,d02c10adc31b1c21cc98ecf809225f87e25e72378cf417db4be3f67e91bb1
q,4524d28c82f3711a97501411ecc3cb466877483b122a2656c8eeadfb8d21
r,78a81efdae47bcb480a25ed91ff6de9772b07ae87c3c4e277705abbbd3419
s,d710138416528889815548b4623d28d86bbbae5619d69cd9dbc5ad6b43744
t,a3fb50fe7559bc99f13c47356cce97fda3aa923557fb5bfb17c825abf4b1d19
u,d6991dcba25eae243eb5ceb8325f4ab78f9f14127c382f6cd42c4c78042d4b5
v,e8d68018994f2f2f59d9e5f2e3ba3d46d8b0b9ea0e684bfbb8ecc7b86eb924c
w,80c9483f51d1267432e0f2f3baa8cd93e65b5eac7482b27dbccebafb721748b
x,1d1a3c96562348527d5798f291609281f72e16d611f1a76c0fa7abe043665
y,3da8b6473052ada22e6ca30c49f6dce9b99916e423ac4fc6b301ad733697f
z,70d44fee0303f6d37faca7e9c315309556fa3df379bdd582317aa368aa843e
{,4abcd9b4ee249d7b15f7e16edd3935cd50511a9358722c9a73db98a443327
},6b3a8c6aef332bc2a4dedd20f65e6a6fb0aa32e2276f781f2dc24c8250d2
\u00A1,f0be205d6089e498225e511dbc3c1d3bfd0739039da4d2e231aea2bb1f76f31a
\u00BF,e52701c6871bae03c1c37705d4349fe088ca9709bfde07ca0f2730469cb4e4
\u00E4,5f76f247b9e737dd45820672b482e43b86011bbe1309beca561b39ca77c3e74
\u00EB,c42471bd5ae565e8c331b8bc15ac60fea48db3726cb0b5a6da3b9f6c3b597c
\u00F1,e195f6da34ff1b0ceb4ae221111466f84e03e25a20435004d3e67848078c6867
\u00F6,68d9e13d7b211a5f0f855631ec0f86c1990f467cb321b9a5837ccb917dada0
\u00FC,70615c383fc1e415444b964e88e999a3c7fa895263be1abff14cafe4dd6881
\u0431,ac82266158e57316477be6c1e0d83c53433687e02a6cdf293955064564d6
\u0433,2c9f516557d2843c86ebc90c8897a39816559a7022e8b10925a95d579e77
\u0434,2cc03e44c394b24de3b7f07d7ffe788a5fa6cfdd1564ef959fa7ac9fd95ed88
\u0436,ebc0c360b1233021e43ad164d4ee895e3324122322e7db597a8a0b785af99
\u0437,a8ba42fcf1e478c07612ae9b39affb756337c1c3fcd3b9eb318814b82ba37a
\u0438,c52011905bc220d06840ebf59fe0f475177ac535834e22147b37c3ff39542297
\u0439,e47edef1a0742f3aa3ee4cb2b52e256347d2f2455eb16db7ae9a186d0afdc2b
\u043B,76f2f4b92473888f3a769083ff333dfa3847b2f8cd85e47b5a91e55bee6a8c
\u043F,5f238c868ed6e198d785f71e1a228cea4e32afa4c74fab47765c572d4e2c865
\u0443,af0ad559daff1e61cbfbf28ca6b4328463608b5c22b40dcc693fb80a5c3ed
\u0444,51f4ceb54d64b5c8edea32c11aac107838eff23ace75b9b4bc27a0786b8f
\u0446,2c50395f333094dbcb47962a96eff74496622b1ea3cbd8e0baf18fcf31c8e8
\u0447,f325c0a6dc79b58787f1cba3fadc39d8597af33d8ed01444f01f1967777a6
\u0448,e5f29dd0645c8774b51a75c05db7f3f1b4c0a739665d6dca59f6c227ace5c11
\u0449,4ee71e986db7b688425b3438823d51dda88279d51a0de4583ddc72b24ba886d
\u044A,8b4eeb9a4734ecca8ed19f851af7dc1c46fd5a317b09f1aa651ad9851ac28d7
\u044B,3019ed4e1e2faa63ce5437d8daa570ced43bf1e8d22b1826afa3351f31637c72
\u044C,1485d20e8308d9d7dc4db53fd89902ce1e47cd9e6b1ea5091ab2aeb3726c8c4
\u044D,8fa45482596851154966c26f3e5614c3e172494fa45c6c63df6c3ee567c6
\u044E,c5e961587cf06cde64c04d7876ea26ee5c8e1c90e2df5f2dd94d9d21396e792
\u044F,e5c1796a96fcdfcba54ccd617a51b59006d7a9c9b426c1f16f1fe4e0d9e
\u2190,cdc9e4dcfa4221a1fadc1b5b2b11d8beeb57879af1c42362142bae1edd5
\u2191,1ad6c81f899a785ecf26be1dc48eae2bcfe777a862390f5785e95bd83bd14d
\u2192,956a3618459e43b287b22b7e235ec699594546c6fcd6dc84bfca4cf30ab9311
\u2193,882faf9a584c4d676d730b23f8942bb997fa3dad46d4f65e288c39eb471ce7
\u2196,468f5037a5e54b71cc0fe814c5896a45adc2556e3c9abe3f7847dc5afec014
\u2197,cd4e6c392e14f34b6a31e3635a8bf18d973eef6dc9b1a3519451497197d4c
\u2198,34b2863b662921cba6cd16394ef2325f931e8fa46bc743b4cfb94317ca5787
\u2199,ddf29faa67ae5b613dc654da4331b98733da9734a762c8ee91ba146b6341
\u23E9,98f293f294980d732f523321c34a4cdcc3e6f9e36c9320e150f1cce31aa5
\u23EA,c4e490e1658bfde4d4ef1ea7cd646c5353377905a1369b86ee966746ae25ca7
\u23F4,ad73cf66d31b83cd8b8644c15958c1b73c8d97323b801170c1d8864bb6a846d
\u23F5,c86185b1d519ade585f184c34f3f3e20bb641deb879e81378e4eaf209287
\u2640,bfda596dcc81798bf0f2fe81ce83f62c92b9cb60b4f61d4cd6bb3359bf3e9a7f
\u2642,6c9d9fd578348b3ad01a7781e0920856b8e361e45617ce38af04811513f68197
\u2648,94747de792b4bef9dada802d6d0c9574476633bb71db24d42e6ac177779ec997
\u2649,ae714aa30fbb6fb75cf97ef0dcf0e66dc6197be0c814fedeb5f66861da21742e
\u264A,87de21f5a82870d2450009cb5cd5b339507dd9fb6c54ba3a9cf53ca398df48f4
\u264B,908b8c8aeacd90e0e6ff4428acc22b7171cedcd3e3a974af5467316084f462c9
\u264C,4b804d06fe1c3912d562c86a7da20634d4e7f8c6490bf30bb173c62ebea69c99
\u264D,328cedc9931fe82a6d96e0dac28d9035b2bf4f17a1d66bde138e50438286a915
\u264E,88d4514bff7c7fda76be78008f573aeabbe55c4739cf1a16cd25c601b49304cc
\u264F,abb8e6410abf98c13cc8bde8791c45dbcd2db3c6c821557d3fd2a97fab82321b
\u2650,72b7f9253c0a7659e5f96550ebbf3a870b28e1735698663bd2e8810977eae2aa
\u2651,2deb9d24b138d3376bace7df34c7b6be149113970c85e5202299dac1a87f51b4
\u2652,eaf2b0d503aca1b9ff881560b38d994c687e701de5f3f144feeff5ccc4d61918
\u2653,5ab2d50d71f83325c98cc2e8cf544023744ab05c0c609de17acfa19740471648
\u2665,5463d366534d4176f4ec159385d63491d82f29f9f07323b877627bea3dc75d
\u266A,edc9d1b7fc9125b96333fe2d1acd1ca83d8f7f9f397bf7049ef2b6b8b76f7ff1
\u2713,ee28bea9d39373d36ee8fa40ec83f9c3fcdd93175227743f9dd1f7e7886b7ee5